Stkcd,ShortName,Accper,ROE,净利润增长率,营业收入增长率,资产负债率,总资产,研发投入,TobinQ
938,紫光股份,2019-12-31,0.097799,0.705402,0.070532,0.408855,54739257221.06,3941072323.52,1.588193
938,紫光股份,2020-03-31,0.013251,-0.589293,-0.382664,0.397101,54415634929.47,860567359.46,1.723112
938,紫光股份,2020-06-30,0.045287,1.457351,0.563475,0.403314,56253138846.12,1746384738.25,1.964195
938,紫光股份,2020-09-30,0.067188,-0.30486,0.014756,0.418877,58562212460.72,2570342718.64,1.660835
938,紫光股份,2020-12-31,0.097489,0.373576,0.160075,0.419034,58833329201.59,3830837459.13,1.413175
938,紫光股份,2021-03-31,0.014376,-0.527562,-0.263654,0.412616,56952157454.4,856766373.5,1.408961
938,紫光股份,2021-06-30,0.048702,1.438733,0.276557,0.40877,58274563354.33,1892806970.93,1.482627
938,紫光股份,2021-09-30,0.083508,0.05479,-0.021365,0.426913,62415232288.65,3060984478.63,1.569749
938,紫光股份,2021-12-31,0.11035,-0.256511,0.186023,0.463081,66430452552.15,4337730795.54,1.446859
938,紫光股份,2022-03-31,0.018044,-0.290149,-0.233428,0.452606,66409540137.43,1144895063.91,1.294572
938,紫光股份,2022-06-30,0.046234,0.589798,0.242403,0.480574,71475525010.89,2363488980.25,1.256862
938,紫光股份,2022-09-30,0.078524,0.175458,0.022417,0.466458,71446786635.61,3620630929.44,1.16796904
938,紫光股份,2022-12-31,0.101819,-0.304456,0.034889,0.489248,74063005959.15,5298851200.81,1.242663
938,紫光股份,2023-03-31,0.020289,-0.082031,-0.180445,0.468644,72637265312.63,1397071718.47,1.621933
938,紫光股份,2023-06-30,0.046559,0.32551,0.180796,0.49482,78428310812.98,2774110618.82,1.656308
938,紫光股份,2023-09-30,0.0705,-0.116883,-0.017798,0.52558,82344216469.71,4186669794.94,1.344242
938,紫光股份,2023-12-31,0.094632,0.073277,0.152507,0.541135,87264490585.74,5643444840.42,1.175328
938,紫光股份,2024-03-31,0.017304,-0.282412,-0.230242,0.518444,84605412779.72,1243582000.09,1.252349
938,紫光股份,2024-06-30,0.042541,0.468628,0.231585,0.537441,88804125344.75,2410607353.03,1.257259
938,紫光股份,2024-09-30,0.071508,-0.709717,-0.002677,0.805461,85079102760.35,3774676491.55,1.616968
938,紫光股份,2024-12-31,0.070597,-1.138177,-0.033698,0.80575444,88814023840.88,5101818089.81,1.714769
938,紫光股份,2025-06-30,0.077185,1.270174,0.281159,0.80575444,97379405844.1,2447546199.31,1.528188
938,紫光股份,2025-09-30,0.103363,-0.509053,0.12246,0.80575444,93637748623.11,3726141173.3,1.737924
977,浪潮信息,2019-12-31,0.0974,0.813561,-0.195727,0.649489,29409085017.16,2347722543.33,1.96903
977,浪潮信息,2020-03-31,0.010194,-0.736931,-0.16299,0.590718,30368939359.03,455746048.93,2.430973
977,浪潮信息,2020-06-30,0.033428,1.309206,0.695676,0.682691,39828588327.13,1262642582.58,2.100342
977,浪潮信息,2020-09-30,0.052144,-0.06057,-0.201267,0.638479,38849645568.41,1876755654.02,1.775647
977,浪潮信息,2020-12-31,0.120065,2.476497,0.152341,0.613086,38322865650.5,2635456131.65,1.632739
977,浪潮信息,2021-03-31,0.01508,-0.741957,-0.334779,0.571268,35183387412.78,595563771.71,1.702566
977,浪潮信息,2021-06-30,0.052918,1.558437,0.448015,0.556943,34995802146.15,1512215242.7,1.72546
977,浪潮信息,2021-09-30,0.08784,-0.042692,0.047452,0.670814,48674288740.81,2159308817.14,1.522601
977,浪潮信息,2021-12-31,0.133578,0.221893,0.175699,0.663142,46208162562.76,2921294813.57,1.790364
977,浪潮信息,2022-03-31,0.020596,-0.52011,-0.169399,0.699334,52844889638.72,563629980.89,1.44621
977,浪潮信息,2022-06-30,0.058626,0.890465,0.017157,0.664948,48869937935.97,1347621983.43,1.452642
977,浪潮信息,2022-09-30,0.093237,-0.040393,0.019529,0.606765,43541530202.77,2127293033.64,1.270689
977,浪潮信息,2022-12-31,0.123894,-0.094948,-0.064618,0.570415,41013425651.96,3230426011.38,1.338432
977,浪潮信息,2023-03-31,0.010966,-0.634912,-0.439076,0.616055,46337364733.85,644916966.58,1.724797
977,浪潮信息,2023-06-30,0.017581,-0.392979,0.637929,0.62947,48245542136.84,1423381792.71,2.109369
977,浪潮信息,2023-09-30,0.044648,2.967978,0.513182,0.665825,51788946879.75,2166943066.44,1.734914
977,浪潮信息,2023-12-31,0.099914,1.172844,-0.237289,0.620018,48119624861.79,3071020483.24,1.635714
977,浪潮信息,2024-03-31,0.016052,-0.708564,-0.009209,0.627444,49960857172.39,631623983.83,1.891526
977,浪潮信息,2024-06-30,0.031215,-0.049641,0.389081,0.703395,63123381733.21,1369382214.76,1.5516
977,浪潮信息,2024-09-30,0.068165,1.489977,0.678958,0.771888,84271425346.1,2287685287.45,1.49685
977,浪潮信息,2024-12-31,0.118597,0.443336,-0.229422,0.714421,71191039667.42,3512157054.75,1.787229
977,浪潮信息,2025-03-31,0.022556,-0.543807,0.48091,0.774719,91480946121.3,658119208.0,1.635333
977,浪潮信息,2025-06-30,0.03887,-0.270356,-0.288621,0.80575444,107007323595.35,1490466672.34,1.505958
977,浪潮信息,2025-09-30,0.071386,1.051729,0.214271,0.804189,109333189348.98,2469908503.46,1.806229
2230,科大讯飞,2019-12-31,0.09456,1.05097,0.494961,0.416202,20100836085.61,1639545495.61,4.187531
2230,科大讯飞,2020-03-31,-0.01068,-1.267985,-0.598121,0.402592,19502448035.58,461561771.26,4.287381
2230,科大讯飞,2020-09-30,0.051347,-0.18523,-0.001873,0.447652,22493555730.76,1633815355.07,3.796215
2230,科大讯飞,2020-12-31,0.116712,1.455711,0.95599,0.477703,24836091818.68,2211061146.73,4.138707
2230,科大讯飞,2021-03-31,0.012235,-0.805352,-0.564277,0.443681,23669932341.61,503336277.88,4.986219
2230,科大讯飞,2021-06-30,0.035749,0.881034,0.526143,0.471847,24235612034.57,1152392553.04,6.673747
2230,科大讯飞,2021-09-30,0.053604,0.020204,0.191747,0.447261,28340201326.63,2022496431.52,4.741437
2230,科大讯飞,2021-12-31,0.106286,1.747521,0.636652,0.447754,31394037754.41,2829840977.5,4.336196
2230,科大讯飞,2022-03-31,0.005812,-0.880286,-0.529123,0.414817,29723372351.4,676670061.01,4.056524
2230,科大讯飞,2022-06-30,0.013958,0.402522,0.288278,0.420345,30033055431.91,1438807706.74,3.609667
2230,科大讯飞,2022-09-30,0.021907,-0.104209,0.026889,0.46282,30490402537.01,2330636348.25,2.964117
2230,科大讯飞,2022-12-31,0.029173,0.019728,0.327999,0.487294,32859139720.02,3111297143.68,2.808986
2230,科大讯飞,2023-03-31,-0.005658,-1.734778,-0.531193,0.472128,31715175704.12,715732056.5,5.136583
2230,科大讯飞,2023-09-30,0.002683,-0.725365,-0.036693,0.525212,35214158378.55,2498270644.89,3.856603
2230,科大讯飞,2023-12-31,0.035463,8.162440200000004,0.474497,0.531285,37831122978.15,3481185262.99,3.370261
2230,科大讯飞,2024-03-31,-0.01581568,-1.610866,-0.48182,0.532443,37181743281.23,842211844.66,3.566327
2230,科大讯飞,2024-12-31,0.027823,8.162440200000004,0.537297,0.54881,41478899803.2,3891601383.59,3.241837
2230,科大讯飞,2025-03-31,-0.011544,-1.232783,-0.451606,0.546323,41444902737.48,946960540.25,3.199726
2362,汉王科技,2019-12-31,0.046195,3.014719,0.754554,0.263904,1300922315.78,129513598.87,2.929312
2362,汉王科技,2020-03-31,-0.000674,-1.034518,-0.543539,0.201805,1199595671.37,29137838.47,3.132148
2362,汉王科技,2020-09-30,0.125886,0.194859,0.239494,0.237196,1383723805.77,90949270.03,3.593047
2362,汉王科技,2020-12-31,0.143856,-0.097999,0.345452,0.202466,2098304662.08,143876406.83,2.729849
2362,汉王科技,2021-03-31,0.018982,-0.487165,-0.356526,0.172106,2060231133.18,34150036.92,2.452636
2362,汉王科技,2021-06-30,0.037564,0.000723,-0.024462,0.177848,2119923880.09,69943970.27,2.553295
2362,汉王科技,2021-09-30,0.049872,-0.327161,0.0769,0.173872,2137394101.97,113261279.32,2.070134
2362,汉王科技,2021-12-31,0.061997,-0.038821,0.307189,0.196044,2192524422.37,182833341.83,2.117096
2362,汉王科技,2022-03-31,-0.01581568,-2.41789424,-0.4315,0.192025,2126444993.73,42911298.37,1.922162
300002,神州泰岳,2020-06-30,0.020199,8.162440200000004,0.342321,0.318762,5335797166.9,103857875.3,2.593804
300002,神州泰岳,2020-09-30,0.049195,0.612608,0.295872,0.285705,5220827551.55,153939363.72,2.370443
300002,神州泰岳,2020-12-31,0.084997,0.312137,0.390251,0.237785,5190170901.31,212656088.54,2.168585
300002,神州泰岳,2021-03-31,0.018807,-0.476029,-0.291121,0.240233,5314431312.63,56679568.39,1.963522
300002,神州泰岳,2021-06-30,0.035254,-0.110104,0.07998,0.217387,5243326970.37,120460478.03,2.031368
300002,神州泰岳,2021-09-30,0.048149,-0.19812,-0.028959,0.216021,5322934409.41,189700846.76,2.345506
300002,神州泰岳,2021-12-31,0.088167,2.164126,0.35468,0.17428,5248070407.07,262809648.82,2.539666
300002,神州泰岳,2022-03-31,0.012345,-0.681424,-0.264787,0.190623,5468749639.91,67637819.63,1.85094
300002,神州泰岳,2022-06-30,0.04681,1.833669,0.100488,0.191261,5592724874.8,143420694.82,1.639448
300002,神州泰岳,2022-09-30,0.080378,0.02077,0.059241,0.162324,5629871975.19,219311625.45,1.451171
300002,神州泰岳,2022-12-31,0.115936,0.078263,0.360457,0.166397,5817805060.7,303444069.67,1.629344
300002,神州泰岳,2023-03-31,0.035115,0.030573,-0.228455,0.144422,5901264833.11,98252823.81,3.27485
300002,神州泰岳,2023-06-30,0.078688,0.285238,0.189391,0.153079,6193017203.76,164307311.48,4.586344
300002,神州泰岳,2023-09-30,0.107434,-0.308333,-0.030454,0.148352,6364288062.93,246932268.98,3.248241
300002,神州泰岳,2023-12-31,0.165527,1.127218,0.367497,0.149352,6802772091.55,329673821.61,2.700616
300002,神州泰岳,2024-03-31,0.048672,-0.118857,-0.221337,0.129767,7024264917.64,92533093.69,2.74576
300002,神州泰岳,2024-06-30,0.102829,0.151425,0.051263,0.130219,7278809369.29,193173348.38,2.317949
300002,神州泰岳,2024-09-30,0.171202,0.373614,-0.066192,0.125471,7823703402.93,271950775.65,3.253553
300002,神州泰岳,2024-12-31,0.221796,-0.261038,0.32713,0.137604,8132332026.13,332506102.03,2.934603
300002,神州泰岳,2025-03-31,0.033026,-0.303681,-0.317374,0.109889,8154692917.89,86506229.46,3.291506
300002,神州泰岳,2025-06-30,0.070335,0.138929,0.028501,0.139193,8504476656.12,177104528.7,2.862261
300002,神州泰岳,2025-09-30,0.097588,-0.228114,0.016504,0.110913,8507336544.05,261362048.03,3.410603
300033,同花顺,2019-12-31,0.244934,1.266932,0.291828,0.237954,5235969278.51,464930038.84,11.440757
300033,同花顺,2020-03-31,0.033124,-0.711269,-0.343997,0.31423,5349758151.85,129552637.66,11.227501
300033,同花顺,2020-06-30,0.110193,1.462239,0.579131,0.31831,5839629907.03,263295745.07,12.569739
300033,同花顺,2020-09-30,0.186411,0.066002,0.108214,0.296051,6099574272.14,405789906.1,14.386561
300033,同花顺,2020-12-31,0.374197,1.859044,0.753059,0.269923,7155697274.87,585288454.32,9.58441
300033,同花顺,2021-03-31,0.033993,-0.821886,-0.550339,0.275726,6559531568.5,176636224.83,10.061401
300033,同花顺,2021-06-30,0.111262,1.404283,0.502759,0.405409,8662791888.75,369256222.64,7.404368
300033,同花顺,2021-09-30,0.183636,0.014358,0.07622,0.276983,7697050079.5,560815953.23,8.650693
300033,同花顺,2021-12-31,0.326676,1.226347,0.544645,0.238143,8501216297.49,828475501.28,9.381094
300033,同花顺,2022-03-31,0.018499,-0.878468,-0.611293,0.248262,7474130708.47,261089040.44,7.138973
300033,同花顺,2022-06-30,0.077622,2.334599,0.698153,0.271817,8264797681.64,519220823.98,6.526082
300033,同花顺,2022-09-30,0.136578,0.065491,0.01332,0.215348,8214298196.86,787692932.79,5.286171
300033,同花顺,2022-12-31,0.246494,1.034601,0.448346,0.197436,9027537722.88,1067071449.13,6.069772
300033,同花顺,2023-03-31,0.018434,-0.848858,-0.524861,0.254164,8067529450.35,280586198.14,13.868206
300033,同花顺,2023-06-30,0.067341,1.757341,0.411333,0.26924,8751571931.83,563314082.15,11.036509
300033,同花顺,2023-09-30,0.110486,-0.076414,0.047903,0.215858,8548884810.39,873415983.28,9.614709
300033,同花顺,2023-12-31,0.19259,1.029957,0.321501,0.256531,9844860690.35,1179239106.34,8.822758
300033,同花顺,2024-03-31,0.015313,-0.83566,-0.480793,0.271352,8569545070.62,301991346.68,8.486969
300033,同花顺,2024-06-30,0.052488,1.494214,0.245303,0.248182,8655356010.36,592161436.99,6.689178
300033,同花顺,2024-09-30,0.09232,0.112098,0.226642,0.269039,9278219945.84,884728786.67,11.469836
300033,同花顺,2024-12-31,0.238436,3.069952,0.959294,0.273509,10976501567.53,1193243542.03,14.354499
300033,同花顺,2025-03-31,0.016667,-0.897256,-0.596027,0.297154,9219925811.62,290753816.76,16.95006
300033,同花顺,2025-06-30,0.067686,2.167012,0.378289,0.336379,10332464766.13,580695229.82,14.541138
300033,同花顺,2025-09-30,0.155878,0.846373,0.436607,0.344901,11453177228.47,862829356.35,17.79539
300229,拓尔思,2019-12-31,0.080327,1.499316,0.48095,0.266144,2889279680.67,91373887.89,2.400359
300229,拓尔思,2020-03-31,0.004227,-0.908598,-0.574864,0.328353,2861804518.27,18924490.277599998,3.107756
300229,拓尔思,2020-06-30,0.021256,3.041507,0.474104,0.322145,2851257881.63,34029816.75,3.209064
300229,拓尔思,2020-09-30,0.044945,0.418845,0.059353,0.321083,2911491408.99,56080273.44,2.946335
300229,拓尔思,2020-12-31,0.150291,3.716386,1.3299138000000001,0.22885,2826922248.09,82032818.16,2.349269
300229,拓尔思,2021-03-31,0.005468,-0.946615,-0.61762268,0.351153,3594385601.53,20449038.22,2.359941
300229,拓尔思,2021-06-30,0.024437,2.475886,0.542207,0.349071,3593350247.84,46330601.02,2.138944
300229,拓尔思,2021-09-30,0.043022,0.023251,-0.093418,0.327456,3608064158.91,67973048.15,2.266852
300229,拓尔思,2021-12-31,0.104294,2.395988,0.959063,0.30821,3725979596.7,98036311.54,2.293658
300229,拓尔思,2022-03-31,0.007714,-0.866038,-0.548736,0.299516,3708257611.14,28025486.31,2.444825
300229,拓尔思,2022-06-30,0.028552,1.715096,0.232288,0.295427,3714016744.96,63226330.93,2.479752
300229,拓尔思,2022-09-30,0.03885,-0.494962,-0.096574,0.309221,3834855890.56,95922795.18,2.154501
300229,拓尔思,2022-12-31,0.046805,-0.198972,0.275853,0.305438,3883748027.43,127418772.18,2.46252
300229,拓尔思,2023-03-31,0.010534,0.462054,-0.221229,0.110663,3810072852.76,27700482.78,6.717096
300229,拓尔思,2023-06-30,0.023058,0.191581,0.110578,0.104184,3790834392.04,67431350.57,5.552518
300229,拓尔思,2023-09-30,0.007514,-2.24453,-0.328881,0.108843,3757202350.02,98808858.16,4.217383
300229,拓尔思,2024-03-31,0.008065,1.556224,-0.011417,0.087459,3711235540.49,34542209.72,3.496861
300229,拓尔思,2024-06-30,0.017105,0.122073,0.228269,0.088192,3718311949.86,70868722.93,2.96067
300229,拓尔思,2024-09-30,0.012346,-1.529513,0.013831,0.086346,3692671457.39,109791399.03,3.670109
300308,中际旭创,2019-12-31,0.087755,0.033421,0.180228,0.339805,10491166090.97,362353137.15,3.887835
300308,中际旭创,2020-03-31,0.021917,-0.012473,-0.100201,0.355862,11016083474.36,88009578.88,3.835558
300308,中际旭创,2020-06-30,0.051278,0.382811,0.446798,0.414465,12560466057.84,175671992.55,3.991514
300308,中际旭创,2020-09-30,0.082702,0.120734,0.021643,0.418253,13214262583.56,292243980.98,3.132912
300308,中际旭创,2020-12-31,0.117485,0.142765,-0.058826,0.412923,13615732311.29,506428981.51,3.076869
300308,中际旭创,2021-03-31,0.016709,-0.504015,-0.202214,0.379539,13155274835.12,119932550.71,2.289548
300308,中际旭创,2021-06-30,0.042352,0.558005,0.240757,0.406896,14013007801.1,227585914.47,2.366889
300308,中际旭创,2021-09-30,0.067952,0.048184,0.108505,0.398002,14379363594.67,352218934.97,2.127565
300308,中际旭创,2021-12-31,0.090475,0.455365,0.172452,0.299531,16564680790.78,541099309.92,2.352338
300308,中际旭创,2022-03-31,0.018369,-0.328866,-0.119957,0.279247,16425091373.09,154449938.28,1.818196
300308,中际旭创,2022-06-30,0.041833,0.274245,0.025758,0.29524,16752720771.4,349028992.03,1.777362
300308,中际旭创,2022-09-30,0.072257,0.316867,0.229424,0.285306,16719727736.62,560584086.48,1.534673
300308,中际旭创,2022-12-31,0.104232,0.059489,0.054239,0.271063,16556988219.94,767018963.81,1.578668
300308,中际旭创,2023-03-31,0.019912,-0.361001,-0.33839,0.265477,17014411475.12,156385244.11,3.038224
300308,中际旭创,2023-06-30,0.050968,0.645751,0.179437,0.225189,17196540370.52,322495682.93,7.108941
300308,中际旭创,2023-09-30,0.100482,0.652497,0.39666,0.259106,18965066038.08,471363662.05,5.161134
300308,中际旭创,2023-12-31,0.164483,0.346016,0.218545,0.261524,20006747461.32,739367582.4,4.792351
300308,中际旭创,2024-03-31,0.065395,0.14782,0.313164,0.254454,22340346978.67,257385577.66,5.880618
300308,中际旭创,2024-06-30,0.150836,0.342053,0.229941,0.298203,24422765089.32,524712003.24,6.627808
300308,中际旭创,2024-09-30,0.231407,0.061936,0.09368,0.311071,27124286366.57,741977641.53,6.712119
300308,中际旭创,2024-12-31,0.306369,0.024277,0.005458,0.297005,28866276555.26,1244026850.29,5.094135
300308,中际旭创,2025-03-31,0.079974,0.126856,0.019027,0.303935,31582872453.01,290341050.19,3.754149
300308,中际旭创,2025-06-30,0.190515,0.509565,0.215865,0.303073,34786708490.76,585616998.59,4.961971
300308,中际旭创,2025-09-30,0.313379,0.30382,0.258885,0.294734,39726194819.53,945331888.65,11.585427
300339,润和软件,2019-12-31,-0.01581568,-2.41789424,-0.183696,0.390971,4627124261.74,227000503.23,2.778246
300339,润和软件,2020-06-30,0.021966,4.391773,0.138513,0.359352,4320827527.89,120417518.66,2.27074
300339,润和软件,2020-09-30,0.039008,-0.06472,0.021424,0.340772,4261677543.7,203069375.62,2.706639
300339,润和软件,2020-12-31,0.059096,0.204307,0.315454,0.336393,4323879078.85,251584235.72,2.139603
300339,润和软件,2021-03-31,0.009471,-0.530858,-0.156954,0.33823,4391237143.81,62111796.78,1.910653
300339,润和软件,2021-06-30,0.024606,0.624243,-0.074197,0.324763,4389670168.5,154884079.96,8.191499
300339,润和软件,2021-09-30,0.040123,0.038946,0.114346,0.318621,4415145128.32,231240726.45,5.748106
300339,润和软件,2021-12-31,0.060959,0.358518,0.172106,0.307531,4413694908.73,282128013.33,4.416169
300339,润和软件,2022-03-31,0.010656,-0.477016,-0.124236,0.338892,4685268848.54,60969027.8,3.714732
300339,润和软件,2022-06-30,0.028258,0.680042,0.115476,0.351692,4878931265.09,157483138.67,3.281754
300339,润和软件,2022-09-30,0.039252,-0.363122,-0.065422,0.34412,4892365690.05,239856233.57,2.963354
300339,润和软件,2022-12-31,0.034631,-1.414097,0.040224,0.332866,4805232236.02,280232344.24,3.410625
300339,润和软件,2023-06-30,0.023968,0.256742,-0.052656,0.32088,4845016424.62,154084843.91,4.25936
300339,润和软件,2023-09-30,0.029248,-0.594187,0.040457,0.320988,4890652249.13,246658533.28,4.009393
300339,润和软件,2023-12-31,0.049939,2.92233,0.299979,0.331825,5059287626.78,278605377.94,4.421482
300339,润和软件,2024-03-31,0.007975,-0.606989,-0.184539,0.314124,4987009741.0,61389545.74,3.944038
300339,润和软件,2024-06-30,0.025418,1.19477,0.051858,0.328435,5117729491.91,144515149.76,3.545059
300339,润和软件,2024-09-30,0.032837,-0.562664,0.022894,0.381432,5629319596.86,226919882.42,5.668372
300339,润和软件,2024-12-31,0.048108,1.032131,0.1952,0.347968,5372343594.59,267794064.39,7.764552
300339,润和软件,2025-03-31,0.008666,-0.423174,-0.159452,0.381602,5723618119.15,65795179.19,7.605992
300339,润和软件,2025-06-30,0.0161,-0.118969,0.098486,0.369241,5750448053.58,155231424.97,7.408965
300339,润和软件,2025-09-30,0.021644,-0.258915,0.062563,0.386445,5935796196.5,238986113.78,8.517199
300394,天孚通信,2019-12-31,0.149129,-0.168286,0.036164,0.128818,1344719334.53,56038097.72,5.787982
300394,天孚通信,2020-03-31,0.039098,0.147975,0.122959,0.146042,1428073505.34,18924490.277599998,5.577958
300394,天孚通信,2020-06-30,0.106418,0.731653,0.508193,0.144529,1435658126.6,37068979.66,8.394828
300394,天孚通信,2020-09-30,0.174839,0.104008,0.118042,0.174938,1589298191.89,56454937.93,7.195352
300394,天孚通信,2020-12-31,0.222632,-0.253619,-0.179096,0.142156,1605717976.68,77303023.84,6.737104
300394,天孚通信,2021-03-31,0.039524,0.063293,0.122981,0.091305,2433319178.34,21834966.55,3.774257
300394,天孚通信,2021-06-30,0.078783,-0.039409,0.012208,0.08585432,2353151206.84,52746036.69,4.287293
300394,天孚通信,2021-09-30,0.118948,0.109794,0.121092,0.090487,2453592694.27,82000660.21,3.994656
300394,天孚通信,2021-12-31,0.166161,0.242043,-0.035165,0.08585432,2551079700.12,99672659.89,5.701634
300394,天孚通信,2022-03-31,0.035166,-0.109705,0.06109,0.08585432,2644175687.54,26920796.05,4.194653
300394,天孚通信,2022-06-30,0.073848,0.082636,0.042382,0.126018,2721995113.67,62197556.05,4.031947
300394,天孚通信,2022-09-30,0.115602,0.156138,0.059075,0.12316,2835388447.3,96131434.82,3.799467
300394,天孚通信,2022-12-31,0.162842,0.205917,-0.017259,0.090973,2900921125.63,122715858.99,3.533765
300394,天孚通信,2023-03-31,0.034067,-0.269969,-0.064445,0.08585432,3020530289.54,31170370.67,6.82851
300394,天孚通信,2023-06-30,0.087818,0.563037,0.314262,0.09454,3026284430.8,63456523.31,14.029813
300394,天孚通信,2023-09-30,0.157382,0.413907,0.436821,0.117238,3342427727.86,104684341.83,11.340889
300394,天孚通信,2023-12-31,0.243284,0.425372,0.351601,0.137245,3898223252.92,143255785.64,9.408145
300394,天孚通信,2024-03-31,0.079679,-0.035707,-0.001115,0.124911,4183093556.61,52374016.71,14.404898
300394,天孚通信,2024-06-30,0.184492,0.342681,0.126575,0.141362,4359433189.52,112089366.88,11.376049
300394,天孚通信,2024-09-30,0.270108,-0.142456,0.017558,0.168989,4664594713.76,172805259.63,12.103171
300394,天孚通信,2024-12-31,0.365445,0.13329,0.021753,0.158491,4736726176.3,232236461.55,10.843275
300394,天孚通信,2025-03-31,0.081096,-0.07506,0.102253,0.166356,5209808463.88,61496570.67,9.164215
300394,天孚通信,2025-06-30,0.207248,0.663156,0.59984,0.169454,5651354599.63,125502253.16,11.152464
300394,天孚通信,2025-09-30,0.330452,0.008104,-0.032255,0.164521,5846616056.67,200146396.16,20.41688944000001
300418,昆仑万维,2019-12-31,0.277187,-0.021371,0.059113,0.542666,10257378104.21,282954126.49,2.417919
300418,昆仑万维,2020-03-31,0.100041,0.453871,0.019839,0.504211,10989947666.33,38684233.29,2.364181
300418,昆仑万维,2020-06-30,0.4892560400000003,5.242821,-0.292946,0.314273,12625839904.92,71308826.38,2.632353
300418,昆仑万维,2020-09-30,0.4892560400000003,-0.841912,-0.234105,0.290783,12749551808.05,102495300.16,2.686618
300418,昆仑万维,2020-12-31,0.4892560400000003,0.63382,-0.140874,0.268867,13239640167.63,165881812.14,2.03696
300418,昆仑万维,2021-03-31,0.023194,-0.614872,0.689532,0.222803,17392229998.5,132584445.72,1.822415
300418,昆仑万维,2021-06-30,0.089388,1.689116,0.900753,0.299257,17897998267.43,274767574.58,1.377259
300418,昆仑万维,2021-09-30,0.181158,0.573256,-0.160771,0.268748,19259116971.47,416470983.87,1.305425
300418,昆仑万维,2021-12-31,0.110743,-1.76057,0.013599,0.257444,17898675591.47,596340842.82,1.806645
300418,昆仑万维,2022-06-30,0.046802,-0.248935,-0.114374,0.189928,17901550365.86,305878947.56,1.262051
300418,昆仑万维,2022-09-30,0.058301,-0.362965,0.088072,0.171692,18249247057.02,483957752.49,1.16796904
300418,昆仑万维,2022-12-31,0.088644,1.282353,0.163506,0.17184,17560746007.37,690332232.42,1.16796904
300418,昆仑万维,2023-03-31,0.017871,-0.359155,-0.089845,0.160459,17324682816.6,170600992.53,3.362728
300418,昆仑万维,2023-06-30,0.028321,-0.30494,-0.007548,0.156798,19651250589.15,351117052.85,2.607514
300418,昆仑万维,2023-09-30,0.028128,-1.009341,0.039676,0.164466,19943153216.4,620340661.23,2.500274
300418,昆仑万维,2024-03-31,-0.011541,-1.187764,-0.021484,0.171779,21372927974.8,348655625.7,2.437169
300474,景嘉微,2019-12-31,0.077016,0.14372,0.132372,0.092148,2597740933.18,117164726.68,6.885967
300474,景嘉微,2020-03-31,0.010741,-0.518544,-0.187919,0.103347,2658961011.33,25907001.64,5.892091
300474,景嘉微,2020-06-30,0.037381,1.500521,0.622041,0.094256,2663083154.77,72812393.93,7.707868
300474,景嘉微,2020-09-30,0.060786,-0.096004,-0.181657,0.093788,2725243249.36,105380809.93,7.072176
300474,景嘉微,2020-12-31,0.084926,0.057552,0.197356,0.167139,3039205042.99,177403749.32,7.09667
300474,景嘉微,2021-03-31,0.019118,-0.197591,0.132058,0.174606,3125894571.19,43828978.17,7.768709
300474,景嘉微,2021-06-30,0.048866,0.575035,0.237124,0.174679,3172141572.0,108847217.05,9.473832
300474,景嘉微,2021-09-30,0.094617,0.606706,0.287783,0.152814,3236219359.62,161828260.1,11.747262
300474,景嘉微,2021-12-31,0.108501,-0.649895,-0.173176,0.138437,3325204147.19,253153010.7,13.92658
300474,景嘉微,2022-03-31,0.026559,0.785623,0.293127,0.147894,3468808736.37,66757813.19,8.528132
300474,景嘉微,2022-06-30,0.042829,-0.386321,-0.496558,0.178908,3604492366.07,134511811.15,8.773226
300474,景嘉微,2022-09-30,0.057792,0.020146,0.017938,0.164382,3741266926.44,214779375.99,5.963738
300474,景嘉微,2022-12-31,0.093832,1.393966,1.290711,0.165705,3948640091.47,312387663.6,6.449084
300474,景嘉微,2023-03-31,-0.01581568,-1.610119,-0.61762268,0.1609,3877481661.37,75538766.42,14.466199
300474,景嘉微,2023-09-30,0.004643,-0.631248,-0.556586,0.188329,4207995783.59,239202399.56,8.996441
300474,景嘉微,2023-12-31,0.017794,0.897997,0.966695,0.186124,4194391499.21,331233380.78,7.902724
300474,景嘉微,2024-03-31,-0.003372,-1.261538,-0.555963,0.182382,4192893059.31,70286523.55,8.24999
300474,景嘉微,2024-09-30,0.006975,-1.224997,-0.61762268,0.126784,3930621619.18,188935546.94,9.044779
300502,新易盛,2019-12-31,0.172789,0.526723,0.353114,0.202494,1665182568.13,81343198.45,5.902451
300502,新易盛,2020-03-31,0.04137,-0.296201,-0.313995,0.21289,1765623145.88,18924490.277599998,8.02735
300502,新易盛,2020-06-30,0.135664,1.401455,1.097985,0.265927,2031111466.34,39120247.32,10.553606
300502,新易盛,2020-09-30,0.229989,0.115779,0.060691,0.329067,2451427730.55,65030543.08,9.003745
300502,新易盛,2020-12-31,0.206101,-0.004783,-0.067267,0.183322,4217115642.85,85082819.93,4.948451
300502,新易盛,2021-03-31,0.032114,-0.250179,0.11391,0.167541,4272204171.44,18924490.277599998,3.625784
300502,新易盛,2021-06-30,0.090943,0.87356,0.308409,0.165637,4385879062.54,33249670.14,3.778697
300502,新易盛,2021-09-30,0.128322,-0.326387,-0.292318,0.169594,4577621065.81,54911345.19,3.89939
300502,新易盛,2021-12-31,0.178832,0.389084,0.537975,0.186157,4864234763.02,108424232.18,4.270589
300502,新易盛,2022-03-31,0.032901,-0.328003,-0.169356,0.182845,5006577034.73,36826739.98,3.342906
300502,新易盛,2022-06-30,0.110814,1.481929,0.002466,0.213363,5546502713.83,65189940.67,2.608685
300502,新易盛,2022-09-30,0.176812,-0.083114,0.263833,0.174002,5648341449.56,111436020.83,2.07187
300502,新易盛,2022-12-31,0.205642,-0.531614,-0.042315,0.178163,5876061496.29,187241361.94,2.227715
300502,新易盛,2023-03-31,0.022081,-0.23601,-0.330158,0.151653,5820940965.35,31577936.24,4.376689
300502,新易盛,2023-06-30,0.058305,0.674135,0.173666,0.140399,5889248623.98,60813226.33,8.333837
300502,新易盛,2023-09-30,0.085631,-0.217866,0.110585,0.144384,6081888071.47,100283222.99,5.513814
300502,新易盛,2023-12-31,0.133725,0.832862,0.291673,0.151243,6439983560.34,133774501.55,5.588091
300502,新易盛,2024-03-31,0.057628,0.254032,0.101227,0.211683,7354053814.22,53189130.31,6.679487
300502,新易盛,2024-06-30,0.147772,0.665744,0.451063,0.248056,8302736259.61,129569726.5,9.258939
300502,新易盛,2024-09-30,0.262329,0.444559,0.487943,0.278776,9821803616.17,200856114.66,9.658331
300502,新易盛,2024-12-31,0.411453,0.526052,0.463481,0.32107,12266549853.89,403168623.6,6.99971
300502,新易盛,2025-03-31,0.172271,0.31952,0.152389,0.331444,14850327707.24,117885316.89,5.014715
300502,新易盛,2025-06-30,0.386079,0.506982,0.575644,0.330757,18071339565.19,333715619.54,7.305651
300502,新易盛,2025-09-30,0.4892560400000003,0.006342,-0.049694,0.31992,21356332939.88,501274536.72,17.343689
300624,万兴科技,2019-12-31,0.124071,-1.199074,0.070426,0.224371,1123892133.7316,155569811.67,5.914628
300624,万兴科技,2020-06-30,0.129886,0.741338,0.406338,0.182553,1123892133.7316,72198609.96,11.309836
300624,万兴科技,2020-09-30,0.185262,-0.253953,-0.120303,0.182663,1123892133.7316,124129297.06,8.979007
300624,万兴科技,2020-12-31,0.175353,-1.146496,0.056702,0.221769,1123892133.7316,218609339.5,6.983977
300624,万兴科技,2021-06-30,0.069804,-0.286264,-0.015377,0.416486,1465919939.14,141896698.79,5.609333
300624,万兴科技,2021-09-30,0.045099,-1.854763,0.01802,0.418716,1462243997.55,238095484.92,4.949218
300624,万兴科技,2022-03-31,0.001593,-0.874206,-0.035356,0.415324,1510754236.51,81287656.61,3.981008
300624,万兴科技,2022-06-30,0.028479,8.162440200000004,0.056486,0.429068,1511884226.53,163042512.29,3.177586
300624,万兴科技,2022-09-30,0.04945,-0.224292,0.073794,0.419409,1478893583.68,251098194.34,2.667111
300624,万兴科技,2022-12-31,0.072953,0.173847,0.146366,0.423711,1532253152.47,347795728.91,2.912768
300624,万兴科技,2023-03-31,0.027783,0.171263,0.03809,0.399337,1522160570.99,94304642.37,6.901649
300624,万兴科技,2023-06-30,0.047579,0.098278,0.024527,0.155734,1562523761.04,192427257.31,10.479843
300624,万兴科技,2023-09-30,0.070577,-0.038221,0.038968,0.158396,1602814198.42,300809804.58,8.710935
300624,万兴科技,2023-12-31,0.095115,0.119406,0.020209,0.169676,1678769662.57,402503336.23,7.929411
300624,万兴科技,2024-03-31,0.019536,-0.067732,-0.070914,0.139392,1654421365.43,103521599.04,7.933424
300624,万兴科技,2024-06-30,0.02061,-0.947514,-0.029557,0.14533,1658121414.84,208885919.78,6.333271
300624,万兴科技,2024-09-30,-0.003118,-2.41789424,0.000962,0.163026,1606277877.31,306063266.09,7.077877
601138,工业富联,2019-12-31,0.23014,0.789123,0.177481,0.565452,205612945000.0,9427180000.0,2.329678
601138,工业富联,2020-03-31,0.020712,-0.778035,-0.378468,0.530641,194204632000.0,1358168000.0,1.881188
601138,工业富联,2020-06-30,0.055796,0.69607,0.206676,0.546148,201165766000.0,3716707000.0,2.042736
601138,工业富联,2020-09-30,0.095335,0.186612,0.096506,0.564925,219044438000.0,6952265000.0,1.797946
601138,工业富联,2020-12-31,0.180224,1.292594,0.408668,0.538651,225513944000.0,10037729000.0,1.744914
601138,工业富联,2021-03-31,0.030206,-0.630221,-0.340667,0.521299,223796573000.0,2610236000.0,1.797306
601138,工业富联,2021-06-30,0.064048,0.108777,-0.007394,0.541436,231099726000.0,5233185000.0,1.608465
601138,工业富联,2021-09-30,0.102519,0.208991,0.11957,0.544241,242607324000.0,8153133000.0,1.495811
601138,工业富联,2021-12-31,0.17917,1.110722,0.227504,0.551824,266608775000.0,10369836440.000002,1.439985
601138,工业富联,2022-03-31,0.026855,-0.63933,-0.217119,0.540785,267627597000.0,2406023000.0,1.294186
601138,工业富联,2022-06-30,0.058346,0.114261,0.144061,0.589492,283525174000.0,5107111000.0,1.278928
601138,工业富联,2022-09-30,0.09814,0.35831,0.130001,0.591438,296480631000.0,8349221000.0,1.16796904
601138,工业富联,2022-12-31,0.161432,0.680229,0.110008,0.544901,284187662000.0,10369836440.000002,1.186418
601138,工业富联,2023-03-31,0.023861,-0.622545,-0.297661,0.485569,257612005000.0,2441219000.0,1.813299
601138,工业富联,2023-06-30,0.055869,0.29139,-0.047225,0.526667,268152262000.0,4931950000.0,2.393646
601138,工业富联,2023-09-30,0.102792,0.570801,0.209678,0.510731,272344998000.0,7816606000.0,1.947721
601138,工业富联,2023-12-31,0.155732,0.187028,0.208779,0.511322,287705301000.0,10369836440.000002,1.555361
601138,工业富联,2024-03-31,0.029281,-0.442506,-0.195454,0.472905,276713342000.0,2263274000.0,2.107462
601138,工业富联,2024-06-30,0.062504,0.084258,0.24194,0.525674,293248961000.0,4876045000.0,2.382017
601138,工业富联,2024-09-30,0.106477,0.409487,0.155212,0.53323,308443216000.0,7133010000.0,2.155806
601138,工业富联,2024-12-31,0.158342,0.264612,0.014564,0.517716,313528185680.0,10369836440.000002,1.863009
601138,工业富联,2025-03-31,0.033798,-0.352061,-0.071468,0.565363,313528185680.0,2247608000.0,1.652864
601138,工业富联,2025-06-30,0.07956,0.31129,0.248914,0.603297,313528185680.0,5095367000.0,1.711531
601138,工业富联,2025-09-30,0.142993,0.50787,0.213768,0.638158,313528185680.0,7606323000.0,3.568465
601360,三六零,2019-12-31,0.224674,-0.308402,-0.07729,0.150211,33751570000.0,2528171000.0,4.861783
601360,三六零,2020-03-31,0.011565,-0.576357,-0.322043,0.141733,33510909000.0,600820000.0,3.962685
601360,三六零,2020-06-30,0.036667,1.224566,0.209268,0.17241,35934971000.0,1250254000.0,3.618909
601360,三六零,2020-09-30,0.0558,-0.220228,0.103272,0.192261,37585603000.0,2012808000.0,3.170665
601360,三六零,2020-12-31,0.086734,1.066439,0.212702,0.169543,44261773000.0,2871129000.0,2.570335
601360,三六零,2021-03-31,0.006951,-0.784001,-0.299061,0.169782,44853010000.0,775311000.0,2.387325
601360,三六零,2021-06-30,0.015075,0.146746,0.201946,0.162557,43574247000.0,1744831000.0,2.164769
601360,三六零,2021-09-30,0.026964,0.433953,-0.048195,0.152126,41940083000.0,2442421000.0,2.17613
601360,三六零,2021-12-31,0.023436,-1.318333,-0.196171,0.168409,42039484000.0,3128725000.0,2.330401
601360,三六零,2022-06-30,-0.012356,-2.41789424,-0.090209,0.173945,39519383000.0,1612564000.0,1.714417
603019,中科曙光,2019-12-31,0.147234,6.23569,0.262894,0.72442,16769281027.02,737734407.32,2.580951
603019,中科曙光,2020-03-31,0.011394,-0.840087,-0.252211,0.66919,17041225230.01,173159554.21,3.052509
603019,中科曙光,2020-06-30,0.047819,2.469159,-0.057414,0.607659,16064853806.74,330730172.18,3.719966
603019,中科曙光,2020-09-30,0.059604,-0.658356,0.017128,0.632731,17609366933.64,527626738.0,3.421778
603019,中科曙光,2020-12-31,0.107078,7.041323,1.135637,0.429744,20963979137.06,734980839.46,2.798495
603019,中科曙光,2021-03-31,0.006974,-0.849796,-0.528406,0.473341,22856702020.97,177301654.92,2.308276
603019,中科曙光,2021-06-30,0.032921,2.742691,0.268801,0.469533,22906659289.0,373004080.16,2.233129
603019,中科曙光,2021-09-30,0.04097,-0.680756,-0.207203,0.487004,23967869854.23,576976723.44,2.124287
603019,中科曙光,2021-12-31,0.100997,6.675423,1.3299138000000001,0.499409,26121984762.65,962072219.13,2.043686
603019,中科曙光,2022-03-31,0.008729,-0.850341,-0.537843,0.497374,26325682534.22,236587008.55,2.14753
603019,中科曙光,2022-06-30,0.037958,2.416794,0.308478,0.482283,26359541066.72,488387197.88,2.09455
603019,中科曙光,2022-09-30,0.046843,-0.53438,-0.169742,0.488437,32083078606.94,777485069.12,1.570827
603019,中科曙光,2022-12-31,0.104676,4.076101,1.3299138000000001,0.442298,31810174007.19,1105462294.02,1.461257
603019,中科曙光,2023-03-31,0.008575,-0.835113,-0.591204,0.426973,31275596194.15,294469281.78,2.221204
603019,中科曙光,2023-06-30,0.03283,1.852178,0.350175,0.403005,30388492368.58,584422689.08,2.855193
603019,中科曙光,2023-09-30,0.043808,-0.543097,-0.240195,0.405996,30719159993.84,858494686.27,2.24219
603019,中科曙光,2023-12-31,0.100905,4.468348,1.3299138000000001,0.383821,31615458539.32,1316264291.08,2.211937
603019,中科曙光,2024-03-31,0.006721,-0.879411,-0.61762268,0.384956,31894702480.93,363343338.86,2.5761
603019,中科曙光,2024-06-30,0.028869,2.317251,0.304512,0.382426,32092196584.15,624926641.01,2.275052
603019,中科曙光,2024-09-30,0.040747,-0.454657,-0.279587,0.385883,32616373439.6,982880371.62,2.526739
603019,中科曙光,2024-12-31,0.097699,3.999778,1.192084,0.417578,36617491563.87,1292251446.8,3.307423
603019,中科曙光,2025-03-31,0.007981,-0.857501,-0.493514,0.412407,35930290716.83,390306528.12,3.114812
603019,中科曙光,2025-06-30,0.032617,2.144995,0.261962,0.407036,36624107961.28,629372118.46,3.219483
603019,中科曙光,2025-09-30,0.042622,-0.586473,-0.089918,0.406665,36990049910.63,973892715.39,5.123516
688256,寒武纪,2025-03-31,0.063059,0.308126,0.123581,0.159685,6944976188.52,272571507.48,20.41688944000001
688256,寒武纪,2025-06-30,0.170201,0.921097,0.591908,0.196829,8420117458.26,541895478.65,20.41688944000001
688256,寒武纪,2025-09-30,0.19154,-0.170047,-0.024001,0.101158,12592153353.85,842824329.82,20.41688944000001
