Stkcd,ShortName,Accper,ROE,净利润增长率,营业收入增长率,资产负债率,总资产,研发投入,TobinQ,Year,Quarter,ln_Asset,ln_RD,RD_Intensity,Lag_1yr_ln_RD,Lag_1yr_RD_Intensity,营业总收入,RD_Sales_Intensity,Lag_1yr_RD_Sales_Intensity
938,紫光股份,2019-12-31,0.097799,0.705402,0.070532,0.408855,54739257221.06,3941072323.52,1.588193,2019,4,24.725846971249855,22.09471868681022,0.0719971830747411,,,54099057664.94,0.07284918617120557,
938,紫光股份,2020-03-31,0.013251,-0.589293,-0.382664,0.397101,54415634929.47,860567359.46,1.723112,2020,1,24.719917356306617,20.5731024511564,0.0158147076768544,,,9966544748.25,0.08634560734913721,
938,紫光股份,2020-06-30,0.045287,1.457351,0.563475,0.403314,56253138846.12,1746384738.25,1.964195,2020,2,24.75312767818288,21.28081362475711,0.0310451074210671,,,25548986947.66,0.06835436339717373,
938,紫光股份,2020-09-30,0.067188,-0.30486,0.014756,0.418877,58562212460.72,2570342718.64,1.660835,2020,3,24.79335548697731,21.667305080908218,0.0438908062150833,,,41361360234.16,0.062143573230872017,
938,紫光股份,2020-12-31,0.097489,0.373576,0.160075,0.419034,58833329201.59,3830837459.13,1.413175,2020,4,24.79797435442372,22.06634927423418,0.0651133891472262,22.09471868681022,0.0719971830747411,59704894413.24,0.0641628713487932,0.07284918617120557
938,紫光股份,2021-03-31,0.014376,-0.527562,-0.263654,0.412616,56952157454.4,856766373.5,1.408961,2021,1,24.76547740943021,20.56867583087951,0.0150436157609303,20.5731024511564,0.0158147076768544,13507196835.61,0.06343036115689414,0.08634560734913721
938,紫光股份,2021-06-30,0.048702,1.438733,0.276557,0.40877,58274563354.33,1892806970.93,1.482627,2021,2,24.78843152899297,21.361326734576583,0.0324808434757556,21.28081362475711,0.0310451074210671,30749904165.44,0.06155489008181486,0.06835436339717373
938,紫光股份,2021-09-30,0.083508,0.05479,-0.021365,0.426913,62415232288.65,3060984478.63,1.569749,2021,3,24.857075189722384,21.842002426537473,0.0490422668696312,21.667305080908218,0.0438908062150833,47624218468.35,0.06427369470985152,0.062143573230872017
938,紫光股份,2021-12-31,0.11035,-0.256511,0.186023,0.463081,66430452552.15,4337730795.54,1.446859,2021,4,24.919421411066864,22.190617190380756,0.0652973241772626,22.06634927423418,0.0651133891472262,67637538538.75,0.06413200257213507,0.0641628713487932
938,紫光股份,2022-03-31,0.018044,-0.290149,-0.233428,0.452606,66409540137.43,1144895063.91,1.294572,2022,1,24.91910655987681,20.85857882338602,0.0172399185650242,20.56867583087951,0.0150436157609303,15341646413.66,0.07462661001563696,0.06343036115689414
938,紫光股份,2022-06-30,0.046234,0.589798,0.242403,0.480574,71475525010.89,2363488980.25,1.256862,2022,2,24.992620920505775,21.58340474613889,0.0330671090543217,21.361326734576583,0.0324808434757556,34402157548.22,0.06870176607200291,0.06155489008181486
938,紫光股份,2022-09-30,0.078524,0.175458,0.022417,0.466458,71446786635.61,3620630929.44,1.16796904,2022,3,24.99221876670157,22.00991413777412,0.0506759100014643,21.842002426537473,0.0490422668696312,53889951078.17,0.06718564142298253,0.06427369470985152
938,紫光股份,2022-12-31,0.101819,-0.304456,0.034889,0.489248,74063005959.15,5298851200.81,1.242663,2022,4,25.02818199976848,22.39075587963439,0.0715451814598589,22.190617190380756,0.0652973241772626,74057649380.57,0.07155035631201419,0.06413200257213507
938,紫光股份,2023-03-31,0.020289,-0.082031,-0.180445,0.468644,72637265312.63,1397071718.47,1.621933,2023,1,25.00874392340289,21.05764425410677,0.0192335395950965,20.85857882338602,0.0172399185650242,16528532585.14,0.08452484884992388,0.07462661001563696
938,紫光股份,2023-06-30,0.046559,0.32551,0.180796,0.49482,78428310812.98,2774110618.82,1.656308,2023,2,25.08545080642764,21.74359603541239,0.0353712911838065,21.58340474613889,0.0330671090543217,36045364005.88,0.07696164806013517,0.06870176607200291
938,紫光股份,2023-09-30,0.0705,-0.116883,-0.017798,0.52558,82344216469.71,4186669794.94,1.344242,2023,3,25.134174060013397,22.155171456755973,0.0508435197325613,22.00991413777412,0.0506759100014643,55214844320.45,0.07582507650735833,0.06718564142298253
938,紫光股份,2023-12-31,0.094632,0.073277,0.152507,0.541135,87264490585.74,5643444840.42,1.175328,2023,4,25.192209465450908,22.453760503487437,0.0646705756549984,22.39075587963439,0.0715451814598589,77307810774.02,0.07299967214071636,0.07155035631201419
938,紫光股份,2024-03-31,0.017304,-0.282412,-0.230242,0.518444,84605412779.72,1243582000.09,1.252349,2024,1,25.161264082359654,20.94126176281319,0.0146986103989328,21.05764425410677,0.0192335395950965,17006236056.21,0.07312505812453976,0.08452484884992388
938,紫光股份,2024-06-30,0.042541,0.468628,0.231585,0.537441,88804125344.75,2410607353.03,1.257259,2024,2,25.209698942450483,21.603144566819083,0.0271452181266544,21.74359603541239,0.0353712911838065,37950866107.59,0.06351916570746959,0.07696164806013517
938,紫光股份,2024-09-30,0.071508,-0.709717,-0.002677,0.805461,85079102760.35,3774676491.55,1.616968,2024,3,25.166847281387746,22.051580518637422,0.0443666701820125,22.155171456755973,0.0508435197325613,58839423074.2,0.0641521669372915,0.07582507650735833
938,紫光股份,2024-12-31,0.070597,-1.138177,-0.033698,0.80575444,88814023840.88,5101818089.81,1.714769,2024,4,25.209810400611552,22.352862801543917,0.0574438345339522,22.453760503487437,0.0646705756549984,79024078451.16,0.06456029845337741,0.07299967214071636
938,紫光股份,2025-06-30,0.077185,1.270174,0.281159,0.80575444,97379405844.1,2447546199.31,1.528188,2025,2,25.30188058626625,21.618351808721933,0.0251341254148583,21.603144566819083,0.0271452181266544,47424779079.45,0.05160901635850878,0.06351916570746959
938,紫光股份,2025-09-30,0.103363,-0.509053,0.12246,0.80575444,93637748623.11,3726141173.3,1.737924,2025,3,25.262699436382928,22.038638997377443,0.0397931521004166,22.051580518637422,0.0443666701820125,77321505402.98,0.04819023056884758,0.0641521669372915
977,浪潮信息,2019-12-31,0.0974,0.813561,-0.195727,0.649489,29409085017.16,2347722543.33,1.96903,2019,4,24.104569477745112,21.57671156511996,0.0798298397233412,,,51653280173.6,0.045451567362994334,
977,浪潮信息,2020-03-31,0.010194,-0.736931,-0.16299,0.590718,30368939359.03,455746048.93,2.430973,2020,1,24.136686191424175,19.937446304299527,0.0150069794516708,,,11235140166.65,0.040564340290370454,
977,浪潮信息,2020-06-30,0.033428,1.309206,0.695676,0.682691,39828588327.13,1262642582.58,2.100342,2020,2,24.407850791059698,20.95647265022594,0.0317019165281318,,,30286292200.43,0.04169023313332733,
977,浪潮信息,2020-09-30,0.052144,-0.06057,-0.201267,0.638479,38849645568.41,1876755654.02,1.775647,2020,3,24.3829647906402,21.35281040761119,0.0483081795615158,,,45503069072.24,0.04124459497535189,
977,浪潮信息,2020-12-31,0.120065,2.476497,0.152341,0.613086,38322865650.5,2635456131.65,1.632739,2020,4,24.369312569364197,21.69232210932875,0.0687698084920122,21.57671156511996,0.0798298397233412,63037990367.04,0.04180742622512238,0.045451567362994334
977,浪潮信息,2021-03-31,0.01508,-0.741957,-0.334779,0.571268,35183387412.78,595563771.71,1.702566,2021,1,24.28383985964715,20.20501903205854,0.0169274142004208,19.937446304299527,0.0150069794516708,11664590372.5,0.051057409878196736,0.040564340290370454
977,浪潮信息,2021-06-30,0.052918,1.558437,0.448015,0.556943,34995802146.15,1512215242.7,1.72546,2021,2,24.278493952561178,21.136841461516408,0.0432113325016715,20.95647265022594,0.0317019165281318,28555094547.7,0.052957808988301984,0.04169023313332733
977,浪潮信息,2021-09-30,0.08784,-0.042692,0.047452,0.670814,48674288740.81,2159308817.14,1.522601,2021,3,24.608416775685175,21.493054015832396,0.0443624113058599,21.35281040761119,0.0483081795615158,46247086543.39,0.04669069942631068,0.04124459497535189
977,浪潮信息,2021-12-31,0.133578,0.221893,0.175699,0.663142,46208162562.76,2921294813.57,1.790364,2021,4,24.556422298275855,21.79529278458799,0.0632203197779676,21.69232210932875,0.0687698084920122,67047551558.14,0.043570492071389244,0.04180742622512238
977,浪潮信息,2022-03-31,0.020596,-0.52011,-0.169399,0.699334,52844889638.72,563629980.89,1.44621,2022,1,24.690626849009668,20.14990853368176,0.0106657424160277,20.20501903205854,0.0169274142004208,17276883283.57,0.032623359875678604,0.051057409878196736
977,浪潮信息,2022-06-30,0.058626,0.890465,0.017157,0.664948,48869937935.97,1347621983.43,1.452642,2022,2,24.61242827824547,21.021607383128817,0.0275756843643974,21.136841461516408,0.0432113325016715,34850185122.36,0.03866900501958485,0.052957808988301984
977,浪潮信息,2022-09-30,0.093237,-0.040393,0.019529,0.606765,43541530202.77,2127293033.64,1.270689,2022,3,24.4969810368934,21.47811613266442,0.048856643846308,21.493054015832396,0.0443624113058599,52766683331.56,0.04031507950335124,0.04669069942631068
977,浪潮信息,2022-12-31,0.123894,-0.094948,-0.064618,0.570415,41013425651.96,3230426011.38,1.338432,2022,4,24.437165304974908,21.89587985786165,0.0787650863108437,21.79529278458799,0.0632203197779676,69525458182.69,0.046463929844108395,0.043570492071389244
977,浪潮信息,2023-03-31,0.010966,-0.634912,-0.439076,0.616055,46337364733.85,644916966.58,1.724797,2023,1,24.559214486268207,20.284632134039207,0.0139178602470002,20.14990853368176,0.0106657424160277,9400402951.73,0.06860524701883264,0.032623359875678604
977,浪潮信息,2023-06-30,0.017581,-0.392979,0.637929,0.62947,48245542136.84,1423381792.71,2.109369,2023,2,24.599569269516778,21.076301422042288,0.0295028665793168,21.021607383128817,0.0275756843643974,24797599830.51,0.057399982354692514,0.03866900501958485
977,浪潮信息,2023-09-30,0.044648,2.967978,0.513182,0.665825,51788946879.75,2166943066.44,1.734914,2023,3,24.670442582743146,21.49658328663128,0.0418418059643397,21.47811613266442,0.048856643846308,48096362723.88,0.045054198357584035,0.04031507950335124
977,浪潮信息,2023-12-31,0.099914,1.172844,-0.237289,0.620018,48119624861.79,3071020483.24,1.635714,2023,4,24.59695593213285,21.845275748601026,0.0638205408304956,21.89587985786165,0.0787650863108437,65866587556.65,0.046624860906885474,0.046463929844108395
977,浪潮信息,2024-03-31,0.016052,-0.708564,-0.009209,0.627444,49960857172.39,631623983.83,1.891526,2024,1,24.634505679230145,20.26380481433975,0.0126423768441478,20.284632134039207,0.0139178602470002,17606574780.8,0.035874324886790994,0.06860524701883264
977,浪潮信息,2024-06-30,0.031215,-0.049641,0.389081,0.703395,63123381733.21,1369382214.76,1.5516,2024,2,24.868357088303785,21.03762553768214,0.021693739738908,21.076301422042288,0.0295028665793168,42063540640.03,0.032555086755032214,0.057399982354692514
977,浪潮信息,2024-09-30,0.068165,1.489977,0.678958,0.771888,84271425346.1,2287685287.45,1.49685,2024,3,25.15730868062703,21.550806352248895,0.0271466309968598,21.49658328663128,0.0418418059643397,83125748346.36,0.02752077825414459,0.045054198357584035
977,浪潮信息,2024-12-31,0.118597,0.443336,-0.229422,0.714421,71191039667.42,3512157054.75,1.787229,2024,4,24.9886328000772,21.97949623146597,0.049334257108164,21.845275748601026,0.0638205408304956,114767366841.55,0.030602401635640472,0.046624860906885474
977,浪潮信息,2025-03-31,0.022556,-0.543807,0.48091,0.774719,91480946121.3,658119208.0,1.635333,2025,1,25.23939654843164,20.304896641573535,0.0071940577344637,20.26380481433975,0.0126423768441478,46858373514.91,0.015101728329009072,0.035874324886790994
977,浪潮信息,2025-06-30,0.03887,-0.270356,-0.288621,0.80575444,107007323595.35,1490466672.34,1.505958,2025,2,25.396163113882434,21.122355111449668,0.0139286417252731,21.03762553768214,0.021693739738908,80192433185.82,0.018586126061125068,0.032555086755032214
977,浪潮信息,2025-09-30,0.071386,1.051729,0.214271,0.804189,109333189348.98,2469908503.46,1.806229,2025,3,25.417665839731516,21.627446944171453,0.0225906563063509,21.550806352248895,0.0271466309968598,120669018861.99,0.020468456002653436,0.02752077825414459
2230,科大讯飞,2019-12-31,0.09456,1.05097,0.494961,0.416202,20100836085.61,1639545495.61,4.187531,2019,4,23.724027247445346,21.217684904159768,0.0815660347971164,,,10078688919.69,0.16267448163887063,
2230,科大讯飞,2020-03-31,-0.01068,-1.267985,-0.598121,0.402592,19502448035.58,461561771.26,4.287381,2020,1,23.693805834922745,19.95012645400085,0.0236668632788013,,,1408820489.46,0.3276228410313058,
2230,科大讯飞,2020-09-30,0.051347,-0.18523,-0.001873,0.447652,22493555730.76,1633815355.07,3.796215,2020,3,23.836494693166824,21.21418382581796,0.07263481926229,,,7284075113.64,0.22429963030042796,
2230,科大讯飞,2020-12-31,0.116712,1.455711,0.95599,0.477703,24836091818.68,2211061146.73,4.138707,2020,4,23.93556374744174,21.516738394581314,0.0890261303135862,21.217684904159768,0.0815660347971164,13024657865.85,0.16975963357373797,0.16267448163887063
2230,科大讯飞,2021-03-31,0.012235,-0.805352,-0.564277,0.443681,23669932341.61,503336277.88,4.986219,2021,1,23.8874714020656,20.03676905116748,0.0212647958015144,19.95012645400085,0.0236668632788013,2501303217.85,0.20122961274269005,0.3276228410313058
2230,科大讯飞,2021-06-30,0.035749,0.881034,0.526143,0.471847,24235612034.57,1152392553.04,6.673747,2021,2,23.911088960084967,20.865106099890323,0.04754955440763,,,6318650532.62,0.18237953611942606,
2230,科大讯飞,2021-09-30,0.053604,0.020204,0.191747,0.447261,28340201326.63,2022496431.52,4.741437,2021,3,24.067547175157955,21.4275984429992,0.0713649281531233,21.21418382581796,0.07263481926229,10867963799.76,0.18609708946257839,0.22429963030042796
2230,科大讯飞,2021-12-31,0.106286,1.747521,0.636652,0.447754,31394037754.41,2829840977.5,4.336196,2021,4,24.169883831398245,21.76348635568001,0.0901394398400532,21.516738394581314,0.0890261303135862,18313605605.92,0.15452123619967192,0.16975963357373797
2230,科大讯飞,2022-03-31,0.005812,-0.880286,-0.529123,0.414817,29723372351.4,676670061.01,4.056524,2022,1,24.11519952113254,20.332694359068174,0.0227655884066643,20.03676905116748,0.0212647958015144,3505985011.99,0.19300426519106012,0.20122961274269005
2230,科大讯飞,2022-06-30,0.013958,0.402522,0.288278,0.420345,30033055431.91,1438807706.74,3.609667,2022,2,24.125564459750223,21.087080626832833,0.047907470154078,20.865106099890323,0.04754955440763,8022667214.65,0.17934281308747643,0.18237953611942606
2230,科大讯飞,2022-09-30,0.021907,-0.104209,0.026889,0.46282,30490402537.01,2330636348.25,2.964117,2022,3,24.14067780012279,21.569407178502026,0.0764383594287092,21.4275984429992,0.0713649281531233,12660799886.28,0.18408286752684694,0.18609708946257839
2230,科大讯飞,2022-12-31,0.029173,0.019728,0.327999,0.487294,32859139720.02,3111297143.68,2.808986,2022,4,24.215495769055188,21.85830556450194,0.0946858977499154,21.76348635568001,0.0901394398400532,18820234052.91,0.1653166020641985,0.15452123619967192
2230,科大讯飞,2023-03-31,-0.005658,-1.734778,-0.531193,0.472128,31715175704.12,715732056.5,5.136583,2023,1,24.180061132112147,20.388816433517913,0.0225674946018672,20.332694359068174,0.0227655884066643,2887584461.77,0.24786532341335513,0.19300426519106012
2230,科大讯飞,2023-09-30,0.002683,-0.725365,-0.036693,0.525212,35214158378.55,2498270644.89,3.856603,2023,3,24.284714065342357,21.638864587812925,0.0709450618706756,21.569407178502026,0.0764383594287092,12613745271.17,0.19805938610477983,0.18408286752684694
2230,科大讯飞,2023-12-31,0.035463,8.162440200000004,0.474497,0.531285,37831122978.15,3481185262.99,3.370261,2023,4,24.356397960008017,21.970638665844707,0.0920190834673508,21.85830556450194,0.0946858977499154,19650329209.04,0.1771565873506335,0.1653166020641985
2230,科大讯飞,2024-03-31,-0.01581568,-1.610866,-0.48182,0.532443,37181743281.23,842211844.66,3.566327,2024,1,24.33908370574757,20.55154213873211,0.0226512199358108,20.388816433517913,0.0225674946018672,3646215386.95,0.23098247231206398,0.24786532341335513
2230,科大讯飞,2024-12-31,0.027823,8.162440200000004,0.537297,0.54881,41478899803.2,3891601383.59,3.241837,2024,4,24.448450696407285,22.082086576854877,0.0938212296385395,21.970638665844707,0.0920190834673508,23343093018.69,0.16671318494400597,0.1771565873506335
2230,科大讯飞,2025-03-31,-0.011544,-1.232783,-0.451606,0.546323,41444902737.48,946960540.25,3.199726,2025,1,24.44763073720177,20.6687679831756,0.0228486611791136,20.55154213873211,0.0226512199358108,4657815685.81,0.20330571326274416,0.23098247231206398
2362,汉王科技,2019-12-31,0.046195,3.014719,0.754554,0.263904,1300922315.78,129513598.87,2.929312,2019,4,20.98633932353335,18.679296451890988,0.0995552134812499,,,1104507778.97,0.11725910974640386,
2362,汉王科技,2020-03-31,-0.000674,-1.034518,-0.543539,0.201805,1199595671.37,29137838.47,3.132148,2020,1,20.905250396438152,17.187548212880333,0.024289716248078,,,220001327.45,0.13244392116962203,
2362,汉王科技,2020-09-30,0.125886,0.194859,0.239494,0.237196,1383723805.77,90949270.03,3.593047,2020,3,21.04804411192177,18.325812447833066,0.0657279072967813,,,985281077.1,0.09230794353393353,
2362,汉王科技,2020-12-31,0.143856,-0.097999,0.345452,0.202466,2098304662.08,143876406.83,2.729849,2020,4,21.46439555185918,18.78446521004967,0.0685679298293026,18.679296451890988,0.0995552134812499,1555160536.99,0.09251546924439812,0.11725910974640386
2362,汉王科技,2021-03-31,0.018982,-0.487165,-0.356526,0.172106,2060231133.18,34150036.92,2.452636,2021,1,21.446084014026702,17.34627425437577,0.0165758280078453,17.187548212880333,0.024289716248078,366702660.91,0.09312732237953807,0.13244392116962203
2362,汉王科技,2021-06-30,0.037564,0.000723,-0.024462,0.177848,2119923880.09,69943970.27,2.553295,2021,2,21.474646019367785,18.0632050690856,0.0329936234630417,,,724435062.15,0.09654967563609938,
2362,汉王科技,2021-09-30,0.049872,-0.327161,0.0769,0.173872,2137394101.97,113261279.32,2.070134,2021,3,21.48285321460989,18.545207922841737,0.0529903583132418,18.325812447833066,0.0657279072967813,1109677086.68,0.10206688114905754,0.09230794353393353
2362,汉王科技,2021-12-31,0.061997,-0.038821,0.307189,0.196044,2192524422.37,182833341.83,2.117096,2021,4,21.50831942119989,19.024085600953107,0.0833894208723874,18.78446521004967,0.0685679298293026,1613261199.11,0.11333151874653967,0.09251546924439812
2362,汉王科技,2022-03-31,-0.01581568,-2.41789424,-0.4315,0.192025,2126444993.73,42911298.37,1.922162,2022,1,21.47771740527897,17.574645737795652,0.0201798299492944,17.34627425437577,0.0165758280078453,286287481.51,0.1498888395107877,0.09312732237953807
300002,神州泰岳,2020-06-30,0.020199,8.162440200000004,0.342321,0.318762,5335797166.9,103857875.3,2.593804,2020,2,22.397704132637102,18.458533948453308,0.0194643596919819,,,1295748662.01,0.08015279378247081,
300002,神州泰岳,2020-09-30,0.049195,0.612608,0.295872,0.285705,5220827551.55,153939363.72,2.370443,2020,3,22.37592176105534,18.85206934725928,0.0294856250661444,,,2258009835.42,0.06817479769363652,
300002,神州泰岳,2020-12-31,0.084997,0.312137,0.390251,0.237785,5190170901.31,212656088.54,2.168585,2020,4,22.370032462543527,19.175186815698765,0.0409728489838986,,,3595794691.29,0.05914021983933379,
300002,神州泰岳,2021-03-31,0.018807,-0.476029,-0.291121,0.240233,5314431312.63,56679568.39,1.963522,2021,1,22.393691846332796,17.852924375545474,0.0106652179802001,,,948327611.76,0.059767919532373905,
300002,神州泰岳,2021-06-30,0.035254,-0.110104,0.07998,0.217387,5243326970.37,120460478.03,2.031368,2021,2,22.38022205181374,18.606832282244696,0.0229740542046531,18.458533948453308,0.0194643596919819,1972502375.05,0.06106987730595078,0.08015279378247081
300002,神州泰岳,2021-09-30,0.048149,-0.19812,-0.028959,0.216021,5322934409.41,189700846.76,2.345506,2021,3,22.395290568951403,19.06095890384623,0.0356383964500187,18.85206934725928,0.0294856250661444,2967018077.82,0.06393653216275029,0.06817479769363652
300002,神州泰岳,2021-12-31,0.088167,2.164126,0.35468,0.17428,5248070407.07,262809648.82,2.539666,2021,4,22.381126304479533,19.38694056315478,0.0500773862458005,19.175186815698765,0.0409728489838986,4314268657.64,0.0609163846008057,0.05914021983933379
300002,神州泰岳,2022-03-31,0.012345,-0.681424,-0.264787,0.190623,5468749639.91,67637819.63,1.85094,2022,1,22.422315842225167,18.02967786133956,0.0123680592610037,17.852924375545474,0.0106652179802001,990515773.19,0.06828545436704091,0.059767919532373905
300002,神州泰岳,2022-06-30,0.04681,1.833669,0.100488,0.191261,5592724874.8,143420694.82,1.639448,2022,2,22.44473246058721,18.781292798031533,0.0256441534369467,18.606832282244696,0.0229740542046531,2080566987.89,0.06893346652849164,0.06106987730595078
300002,神州泰岳,2022-09-30,0.080378,0.02077,0.059241,0.162324,5629871975.19,219311625.45,1.451171,2022,3,22.45135253908635,19.206004228170677,0.0389549933668959,19.06095890384623,0.0356383964500187,3235193934.64,0.06778932882563164,0.06393653216275029
300002,神州泰岳,2022-12-31,0.115936,0.078263,0.360457,0.166397,5817805060.7,303444069.67,1.629344,2022,4,22.484188890218817,19.53070787032876,0.0521578269646404,19.38694056315478,0.0500773862458005,4806013816.09,0.06313840976780029,0.0609163846008057
300002,神州泰岳,2023-03-31,0.035115,0.030573,-0.228455,0.144422,5901264833.11,98252823.81,3.27485,2023,1,22.49843254337552,18.40305455954715,0.0166494517003772,18.02967786133956,0.0123680592610037,1211957955.63,0.08106949861880829,0.06828545436704091
300002,神州泰岳,2023-06-30,0.078688,0.285238,0.189391,0.153079,6193017203.76,164307311.48,4.586344,2023,2,22.546688236834857,18.917249088894756,0.0265310600752478,18.781292798031533,0.0256441534369467,2653449342.08,0.061922158781897794,0.06893346652849164
300002,神州泰岳,2023-09-30,0.107434,-0.308333,-0.030454,0.148352,6364288062.93,246932268.98,3.248241,2023,3,22.573968210842864,19.32462464638236,0.0387996687985108,19.206004228170677,0.0389549933668959,4051041446.32,0.06095525613649678,0.06778932882563164
300002,神州泰岳,2023-12-31,0.165527,1.127218,0.367497,0.149352,6802772091.55,329673821.61,2.700616,2023,4,22.640596026579555,19.61361430728592,0.0484616884372036,19.53070787032876,0.0521578269646404,5962244473.08,0.05529357662177442,0.06313840976780029
300002,神州泰岳,2024-03-31,0.048672,-0.118857,-0.221337,0.129767,7024264917.64,92533093.69,2.74576,2024,1,22.672636408632915,18.34307691892693,0.0131733490656968,18.40305455954715,0.0166494517003772,1488183132.94,0.06217856636178574,0.08106949861880829
300002,神州泰岳,2024-06-30,0.102829,0.151425,0.051263,0.130219,7278809369.29,193173348.38,2.317949,2024,2,22.708233137605095,19.079098527059955,0.0265391410297152,18.917249088894756,0.0265310600752478,3052655725.86,0.06328042390878481,0.061922158781897794
300002,神州泰岳,2024-09-30,0.171202,0.373614,-0.066192,0.125471,7823703402.93,271950775.65,3.253553,2024,3,22.78042386033691,19.421131639685026,0.034759852418249,19.32462464638236,0.0387996687985108,4513572455.84,0.06025178022746252,0.06095525613649678
300002,神州泰岳,2024-12-31,0.221796,-0.261038,0.32713,0.137604,8132332026.13,332506102.03,2.934603,2024,4,22.819113561457215,19.622168772869177,0.0408869314437266,19.61361430728592,0.0484616884372036,6452399099.15,0.05153216608591405,0.05529357662177442
300002,神州泰岳,2025-03-31,0.033026,-0.303681,-0.317374,0.109889,8154692917.89,86506229.46,3.291506,2025,1,22.82185941662554,18.27572699774749,0.0106081529164905,18.34307691892693,0.0131733490656968,1323493991.38,0.06536201148129159,0.06217856636178574
300002,神州泰岳,2025-06-30,0.070335,0.138929,0.028501,0.139193,8504476656.12,177104528.7,2.862261,2025,2,22.86385852722901,18.992250679501073,0.0208248591725572,19.079098527059955,0.0265391410297152,2684708514.21,0.06596787985086515,0.06328042390878481
300002,神州泰岳,2025-09-30,0.097588,-0.228114,0.016504,0.110913,8507336544.05,261362048.03,3.410603,2025,3,22.864194750995782,19.38141716510239,0.0307219594142887,19.421131639685026,0.034759852418249,4068388410.04,0.06424215725937296,0.06025178022746252
300033,同花顺,2019-12-31,0.244934,1.266932,0.291828,0.237954,5235969278.51,464930038.84,11.440757,2019,4,22.37881781761818,19.95739750027561,0.0887954100013942,,,1742093893.2,0.2668800118379291,
300033,同花顺,2020-03-31,0.033124,-0.711269,-0.343997,0.31423,5349758151.85,129552637.66,11.227501,2020,1,22.400317191570856,18.679597832653815,0.024216541006662,,,384438136.56,0.3369921590486652,
300033,同花顺,2020-06-30,0.110193,1.462239,0.579131,0.31831,5839629907.03,263295745.07,12.569739,2020,2,22.487933259694547,19.38878846812638,0.0450877451588213,,,991516166.7,0.2655486152548681,
300033,同花顺,2020-09-30,0.186411,0.066002,0.108214,0.296051,6099574272.14,405789906.1,14.386561,2020,3,22.53148481423768,19.821346113435055,0.0665275784825603,,,1664288490.18,0.24382185450078553,
300033,同花顺,2020-12-31,0.374197,1.859044,0.753059,0.269923,7155697274.87,585288454.32,9.58441,2020,4,22.691174698018628,20.187615369686263,0.0817933503664928,19.95739750027561,0.0887954100013942,2843697937.51,0.20581948827957816,0.2668800118379291
300033,同花顺,2021-03-31,0.033993,-0.821886,-0.550339,0.275726,6559531568.5,176636224.83,10.061401,2021,1,22.604185030111935,18.9896029543732,0.0269281766518569,18.679597832653815,0.024216541006662,530334416.88,0.3330657396688775,0.3369921590486652
300033,同花顺,2021-06-30,0.111262,1.404283,0.502759,0.405409,8662791888.75,369256222.64,7.404368,2021,2,22.882302896565744,19.727001334047536,0.0426255446722132,19.38878846812638,0.0450877451588213,1327299207.96,0.27820119263653476,0.2655486152548681
300033,同花顺,2021-09-30,0.183636,0.014358,0.07622,0.276983,7697050079.5,560815953.23,8.650693,2021,3,22.764102985843543,20.14490334233491,0.0728611542652754,19.821346113435055,0.0665275784825603,2185008345.42,0.2566653598397129,0.24382185450078553
300033,同花顺,2021-12-31,0.326676,1.226347,0.544645,0.238143,8501216297.49,828475501.28,9.381094,2021,4,22.86347508402809,20.535097825630903,0.0974537610017767,20.187615369686263,0.0817933503664928,3509864834.4,0.2360419960222272,0.20581948827957816
300033,同花顺,2022-03-31,0.018499,-0.878468,-0.611293,0.248262,7474130708.47,261089040.44,7.138973,2022,1,22.734713656279315,19.380372062049386,0.0349323621199349,18.9896029543732,0.0269281766518569,514981191.05,0.49863728454102846,0.3330657396688775
300033,同花顺,2022-06-30,0.077622,2.334599,0.698153,0.271817,8264797681.64,519220823.98,6.526082,2022,2,22.835271088989355,20.067839832295544,0.0628231741393299,19.727001334047536,0.0426255446722132,1389497988.98,0.37367511727105746,0.27820119263653476
300033,同花顺,2022-09-30,0.136578,0.065491,0.01332,0.215348,8214298196.86,787692932.79,5.286171,2022,3,22.829142155310983,20.484618893946507,0.0958929069669157,20.14490334233491,0.0728611542652754,2275663278.79,0.34613773493274747,0.2566653598397129
300033,同花顺,2022-12-31,0.246494,1.034601,0.448346,0.197436,9027537722.88,1067071449.13,6.069772,2022,4,22.92354548977013,20.788183770594827,0.1182018266648216,20.535097825630903,0.0974537610017767,3559137454.21,0.2998118119511772,0.2360419960222272
300033,同花顺,2023-03-31,0.018434,-0.848858,-0.524861,0.254164,8067529450.35,280586198.14,13.868206,2023,1,22.811113132376445,19.45239154103036,0.0347796930729304,19.380372062049386,0.0349323621199349,609828431.36,0.46010678366414426,0.49863728454102846
300033,同花顺,2023-06-30,0.067341,1.757341,0.411333,0.26924,8751571931.83,563314082.15,11.036509,2023,2,22.89249917053292,20.14934790470633,0.0643671887219703,20.067839832295544,0.0628231741393299,1470499130.06,0.38307678708182263,0.37367511727105746
300033,同花顺,2023-09-30,0.110486,-0.076414,0.047903,0.215858,8548884810.39,873415983.28,9.614709,2023,3,22.869066679854814,20.58792250006192,0.1021672420031303,20.484618893946507,0.0958929069669157,2372398760.91,0.36815732568709353,0.34613773493274747
300033,同花顺,2023-12-31,0.19259,1.029957,0.321501,0.256531,9844860690.35,1179239106.34,8.822758,2023,4,23.010215398642817,20.888135243147257,0.1197822034694607,20.788183770594827,0.1182018266648216,3564260219.05,0.3308510136373568,0.2998118119511772
300033,同花顺,2024-03-31,0.015313,-0.83566,-0.480793,0.271352,8569545070.62,301991346.68,8.486969,2024,1,22.87148048420544,19.5259089248625,0.0352400674938221,19.45239154103036,0.0347796930729304,618822422.15,0.48800970338272354,0.46010678366414426
300033,同花顺,2024-06-30,0.052488,1.494214,0.245303,0.248182,8655356010.36,592161436.99,6.689178,2024,2,22.881444158219093,20.199289854980016,0.0684156072010457,20.14934790470633,0.0643671887219703,1389443967.18,0.42618590672054535,0.38307678708182263
300033,同花顺,2024-09-30,0.09232,0.112098,0.226642,0.269039,9278219945.84,884728786.67,11.469836,2024,3,22.95093554916441,20.600791701395224,0.0953554444531872,20.58792250006192,0.1021672420031303,2334720341.07,0.37894422347154844,0.36815732568709353
300033,同花顺,2024-12-31,0.238436,3.069952,0.959294,0.273509,10976501567.53,1193243542.03,14.354499,2024,4,23.119022603636058,20.899941102589043,0.1087089119141365,20.888135243147257,0.1197822034694607,4186794650.06,0.2850016878694779,0.3308510136373568
300033,同花顺,2025-03-31,0.016667,-0.897256,-0.596027,0.297154,9219925811.62,290753816.76,16.95006,2025,1,22.944632828020502,19.48798748000771,0.031535374871841,19.5259089248625,0.0352400674938221,748187189.04,0.3886110601988075,0.48800970338272354
300033,同花顺,2025-06-30,0.067686,2.167012,0.378289,0.336379,10332464766.13,580695229.82,14.541138,2025,2,23.05855669433999,20.17973661749643,0.0562010365352059,20.199289854980016,0.0684156072010457,1779405283.66,0.3263423095078077,0.42618590672054535
300033,同花顺,2025-09-30,0.155878,0.846373,0.436607,0.344901,11453177228.47,862829356.35,17.79539,2025,3,23.161533015656826,20.575727497572647,0.075335371062381,20.600791701395224,0.0953554444531872,3260860919.93,0.26460170413171813,0.37894422347154844
300229,拓尔思,2019-12-31,0.080327,1.499316,0.48095,0.266144,2889279680.67,91373887.89,2.400359,2019,4,21.78427306256104,18.330470316069725,0.0316251446688647,,,967305988.93,0.09446223732272618,
300229,拓尔思,2020-03-31,0.004227,-0.908598,-0.574864,0.328353,2861804518.27,18924490.2776,3.107756,2020,1,21.774718213256683,16.75596747595423,0.0066127823045859,,,138988155.31,0.1361590146684853,
300229,拓尔思,2020-06-30,0.021256,3.041507,0.474104,0.322145,2851257881.63,34029816.75,3.209064,2020,2,21.771026095830862,17.342747690894132,0.0119350189154219,,,343871138.44,0.09896095643379405,
300229,拓尔思,2020-09-30,0.044945,0.418845,0.059353,0.321083,2911491408.99,56080273.44,2.946335,2020,3,21.791931298520968,17.842294694401886,0.0192616997827427,,,560914560.4,0.09998006363038245,
300229,拓尔思,2020-12-31,0.150291,3.716386,1.3299138,0.22885,2826922248.09,82032818.16,2.349269,2020,4,21.762454411951023,18.222629958814935,0.0290184203741101,18.330470316069725,0.0316251446688647,1309436441.83,0.06264742261591194,0.09446223732272618
300229,拓尔思,2021-03-31,0.005468,-0.946615,-0.61762268,0.351153,3594385601.53,20449038.22,2.359941,2021,1,22.002638909905947,16.83344645744231,0.0056891609545997,16.75596747595423,0.0066127823045859,154013034.89,0.1327747241303648,0.1361590146684853
300229,拓尔思,2021-06-30,0.024437,2.475886,0.542207,0.349071,3593350247.84,46330601.02,2.138944,2021,2,22.002350820939167,17.65131325148065,0.0128934275326625,17.342747690894132,0.0119350189154219,391532969.07,0.1183312892654943,0.09896095643379405
300229,拓尔思,2021-09-30,0.043022,0.023251,-0.093418,0.327456,3608064158.91,67973048.15,2.266852,2021,3,22.00643722139168,18.034621848549087,0.0188392016206648,17.842294694401886,0.0192616997827427,606864337.3,0.11200699064377202,0.09998006363038245
300229,拓尔思,2021-12-31,0.104294,2.395988,0.959063,0.30821,3725979596.7,98036311.54,2.293658,2021,4,22.03859563318489,18.40084850412574,0.0263115535111432,18.222629958814935,0.0290184203741101,1028712010.67,0.09530005533438748,0.06264742261591194
300229,拓尔思,2022-03-31,0.007714,-0.866038,-0.548736,0.299516,3708257611.14,28025486.31,2.444825,2022,1,22.03382795665426,17.148624915174533,0.0075575888325041,16.83344645744231,0.0056891609545997,190364575.18,0.14722007118971786,0.1327747241303648
300229,拓尔思,2022-06-30,0.028552,1.715096,0.232288,0.295427,3714016744.96,63226330.93,2.479752,2022,2,22.03537980847204,17.962231416806908,0.0170237064805374,17.65131325148065,0.0128934275326625,424948556.34,0.14878584710242623,0.1183312892654943
300229,拓尔思,2022-09-30,0.03885,-0.494962,-0.096574,0.309221,3834855890.56,95922795.18,2.154501,2022,3,22.06739769363064,18.379054219426287,0.025013402828546,18.034621848549087,0.0188392016206648,636877800.73,0.1506141289114673,0.11200699064377202
300229,拓尔思,2022-12-31,0.046805,-0.198972,0.275853,0.305438,3883748027.43,127418772.18,2.46252,2022,4,22.08006651076796,18.66298964644742,0.0328081974628815,18.40084850412574,0.0263115535111432,907268344.1,0.140442210960637,0.09530005533438748
300229,拓尔思,2023-03-31,0.010534,0.462054,-0.221229,0.110663,3810072852.76,27700482.78,6.717096,2023,1,22.06091414736153,17.136960435987007,0.0072703289019615,17.148624915174533,0.0075575888325041,210572417.17,0.13154848651253673,0.14722007118971786
300229,拓尔思,2023-06-30,0.023058,0.191581,0.110578,0.104184,3790834392.04,67431350.57,5.552518,2023,2,22.055851988021004,18.02662062455556,0.0177879969411463,17.962231416806908,0.0170237064805374,444429563.49,0.1517256188820509,0.14878584710242623
300229,拓尔思,2023-09-30,0.007514,-2.24453,-0.328881,0.108843,3757202350.02,98808858.16,4.217383,2023,3,22.046940461555533,18.40869782630953,0.0262985192052469,18.379054219426287,0.025013402828546,601375522.76,0.16430475538232564,0.1506141289114673
300229,拓尔思,2024-03-31,0.008065,1.556224,-0.011417,0.087459,3711235540.49,34542209.72,3.496861,2024,1,22.034630687905317,17.357692633266907,0.0093074689933151,17.136960435987007,0.0072703289019615,178244396.98,0.19379127930666917,0.13154848651253673
300229,拓尔思,2024-06-30,0.017105,0.122073,0.228269,0.088192,3718311949.86,70868722.93,2.96067,2024,2,22.03653562532421,18.07633976483909,0.0190593806774787,18.02662062455556,0.0177879969411463,397176512.84,0.178431303561369,0.1517256188820509
300229,拓尔思,2024-09-30,0.012346,-1.529513,0.013831,0.086346,3692671457.39,109791399.03,3.670109,2024,3,22.02961600524981,18.514092760019583,0.0297322413588348,18.40869782630953,0.0262985192052469,619136632.77,0.17732983838930083,0.16430475538232564
300308,中际旭创,2019-12-31,0.087755,0.033421,0.180228,0.339805,10491166090.97,362353137.15,3.887835,2019,4,23.073799415328136,19.708129814031256,0.0345388809983559,,,4757677023.35,0.07616177713863771,
300308,中际旭创,2020-03-31,0.021917,-0.012473,-0.100201,0.355862,11016083474.36,88009578.88,3.835558,2020,1,23.122622175900336,18.29295622879014,0.0079891895413504,,,1326090400.82,0.06636770677593208,
300308,中际旭创,2020-06-30,0.051278,0.382811,0.446798,0.414465,12560466057.84,175671992.55,3.991514,2020,2,23.25382010381396,18.98412914119181,0.0139861046350544,,,3244675971.03,0.054141613559715224,
300308,中际旭创,2020-09-30,0.082702,0.120734,0.021643,0.418253,13214262583.56,292243980.98,3.132912,2020,3,23.304562581974647,19.49309956607706,0.0221157994350425,,,5204785596.23,0.05614909117326218,
300308,中际旭创,2020-12-31,0.117485,0.142765,-0.058826,0.412923,13615732311.29,506428981.51,3.076869,2020,4,23.33449174872004,20.042894659601235,0.0371943990915622,19.708129814031256,0.0345388809983559,7049590125.44,0.07183807462542247,0.07616177713863771
300308,中际旭创,2021-03-31,0.016709,-0.504015,-0.202214,0.379539,13155274835.12,119932550.71,2.289548,2021,1,23.300088643285804,18.602440073642946,0.0091166891010001,18.29295622879014,0.0079891895413504,1471758423.02,0.08148929120031964,0.06636770677593208
300308,中际旭创,2021-06-30,0.042352,0.558005,0.240757,0.406896,14013007801.1,227585914.47,2.366889,2021,2,23.363251863838823,19.24303837548089,0.0162410467260379,18.98412914119181,0.0139861046350544,3297852391.6,0.06901033989565053,0.054141613559715224
300308,中际旭创,2021-09-30,0.067952,0.048184,0.108505,0.398002,14379363594.67,352218934.97,2.127565,2021,3,23.389059931978338,19.67976351740223,0.0244947512907008,19.49309956607706,0.0221157994350425,5322086825.93,0.06618060668494488,0.05614909117326218
300308,中际旭创,2021-12-31,0.090475,0.455365,0.172452,0.299531,16564680790.78,541099309.92,2.352338,2021,4,23.530538602411784,20.109113389132204,0.032665845889477,20.042894659601235,0.0371943990915622,7695404805.69,0.07031459989212133,0.07183807462542247
300308,中际旭创,2022-03-31,0.018369,-0.328866,-0.119957,0.279247,16425091373.09,154449938.28,1.818196,2022,1,23.52207596435123,18.85538058419185,0.0094032924853643,18.602440073642946,0.0091166891010001,2088622649.99,0.07394822529610098,0.08148929120031964
300308,中际旭创,2022-06-30,0.041833,0.274245,0.025758,0.29524,16752720771.4,349028992.03,1.777362,2022,2,23.541826516139928,19.67066555130073,0.0208341675834445,19.24303837548089,0.0162410467260379,4231043830.5,0.08249240755058634,0.06901033989565053
300308,中际旭创,2022-09-30,0.072257,0.316867,0.229424,0.285306,16719727736.62,560584086.48,1.534673,2022,3,23.53985516077541,20.144489811490107,0.0335283023330693,19.67976351740223,0.0244947512907008,6864988244.16,0.08165841900121026,0.06618060668494488
300308,中际旭创,2022-12-31,0.104232,0.059489,0.054239,0.271063,16556988219.94,767018963.81,1.578668,2022,4,23.53007409858646,20.45802208498413,0.046325995623181,20.109113389132204,0.032665845889477,9641794766.08,0.07955147173515723,0.07031459989212133
300308,中际旭创,2023-03-31,0.019912,-0.361001,-0.33839,0.265477,17014411475.12,156385244.11,3.038224,2023,1,23.55732655570984,18.86783304089622,0.0091913401964376,18.85538058419185,0.0094032924853643,1837163216.03,0.0851232175483783,0.07394822529610098
300308,中际旭创,2023-06-30,0.050968,0.645751,0.179437,0.225189,17196540370.52,322495682.93,7.108941,2023,2,23.56797405928537,19.59160031094775,0.0187535211142151,19.67066555130073,0.0208341675834445,4003981244.31,0.08054375464128209,0.08249240755058634
300308,中际旭创,2023-09-30,0.100482,0.652497,0.39666,0.259106,18965066038.08,471363662.05,5.161134,2023,3,23.66586449418403,19.971140462444765,0.0248543116645915,20.144489811490107,0.0335283023330693,7030290371.6,0.06704753817198647,0.08165841900121026
300308,中际旭创,2023-12-31,0.164483,0.346016,0.218545,0.261524,20006747461.32,739367582.4,4.792351,2023,4,23.719335426668906,20.421305761742136,0.0369559111909346,20.45802208498413,0.046325995623181,10717984471.03,0.06898382661389942,0.07955147173515723
300308,中际旭创,2024-03-31,0.065395,0.14782,0.313164,0.254454,22340346978.67,257385577.66,5.880618,2024,1,23.829660162188873,19.366085824594805,0.0115211092247468,18.86783304089622,0.0091913401964376,4842546924.23,0.05315086909579636,0.0851232175483783
300308,中际旭创,2024-06-30,0.150836,0.342053,0.229941,0.298203,24422765089.32,524712003.24,6.627808,2024,2,23.918781529739764,20.07836010668759,0.0214845453133992,19.59160031094775,0.0187535211142151,10798594185.75,0.0485907697070808,0.08054375464128209
300308,中际旭创,2024-09-30,0.231407,0.061936,0.09368,0.311071,27124286366.57,741977641.53,6.712119,2024,3,24.0236953393944,20.42482966931651,0.0273547341118057,19.971140462444765,0.0248543116645915,17312601820.15,0.04285766225307729,0.06704753817198647
300308,中际旭创,2024-12-31,0.306369,0.024277,0.005458,0.297005,28866276555.26,1244026850.29,5.094135,2024,4,24.085939849503408,20.94161941566872,0.0430962007832393,20.421305761742136,0.0369559111909346,23862159738.37,0.05213387488516487,0.06898382661389942
300308,中际旭创,2025-03-31,0.079974,0.126856,0.019027,0.303935,31582872453.01,290341050.19,3.754149,2025,1,24.17588079961753,19.486566828539324,0.0091929906192661,19.366085824594805,0.0115211092247468,6674176487.23,0.043502153523438065,0.05315086909579636
300308,中际旭创,2025-06-30,0.190515,0.509565,0.215865,0.303073,34786708490.76,585616998.59,4.961971,2025,2,24.27250121084852,20.18817654954454,0.0168345044414176,20.07836010668759,0.0214845453133992,14789074837.8,0.03959794679604959,0.0485907697070808
300308,中际旭创,2025-09-30,0.313379,0.30382,0.258885,0.294734,39726194819.53,945331888.65,11.585427,2025,3,24.405276626186357,20.66704662977847,0.0237961851857319,20.42482966931651,0.0273547341118057,25004800851.32,0.03780601550362262,0.04285766225307729
300339,润和软件,2019-12-31,-0.01581568,-2.41789424,-0.183696,0.390971,4627124261.74,227000503.23,2.778246,2019,4,22.255201402300592,19.240462796720745,0.0490586572543521,,,2121173720.66,0.107016460282833,
300339,润和软件,2020-06-30,0.021966,4.391773,0.138513,0.359352,4320827527.89,120417518.66,2.27074,2020,2,22.186712778239603,18.60647559237938,0.0278690870863812,,,1097944766.65,0.10967538834163082,
300339,润和软件,2020-09-30,0.039008,-0.06472,0.021424,0.340772,4261677543.7,203069375.62,2.706639,2020,3,22.172928709313855,19.129058235369293,0.0476501034012288,,,1694997364.78,0.11980512763001087,
300339,润和软件,2020-12-31,0.059096,0.204307,0.315454,0.336393,4323879078.85,251584235.72,2.139603,2020,4,22.187418771219026,19.343288428681568,0.0581848453974139,19.240462796720745,0.0490586572543521,2480392683.76,0.10142919601690899,0.107016460282833
300339,润和软件,2021-03-31,0.009471,-0.530858,-0.156954,0.33823,4391237143.81,62111796.78,1.910653,2021,1,22.202876833856564,17.944446509213993,0.014144487019462,,,662124692.68,0.0938067972191126,
300339,润和软件,2021-06-30,0.024606,0.624243,-0.074197,0.324763,4389670168.5,154884079.96,8.191499,2021,2,22.20251992875077,18.85818753031896,0.0352837625640847,18.60647559237938,0.0278690870863812,1275121850.95,0.1214661013334586,0.10967538834163082
300339,润和软件,2021-09-30,0.040123,0.038946,0.114346,0.318621,4415145128.32,231240726.45,5.748106,2021,3,22.208306542108733,19.25896983603937,0.0523744338474303,19.129058235369293,0.0476501034012288,1958212712.07,0.11808764442426613,0.11980512763001087
300339,润和软件,2021-12-31,0.060959,0.358518,0.172106,0.307531,4413694908.73,282128013.33,4.416169,2021,4,22.20797802339122,19.457871477422387,0.0639210500870754,19.343288428681568,0.0581848453974139,2758867790.42,0.10226224479102343,0.10142919601690899
300339,润和软件,2022-03-31,0.010656,-0.477016,-0.124236,0.338892,4685268848.54,60969027.8,3.714732,2022,1,22.267689135950857,17.925876568611645,0.0130129198069389,17.944446509213993,0.014144487019462,701185027.38,0.08695141142390432,0.0938067972191126
300339,润和软件,2022-06-30,0.028258,0.680042,0.115476,0.351692,4878931265.09,157483138.67,3.281754,2022,2,22.30819202977147,18.874828960785447,0.0322782039986568,18.85818753031896,0.0352837625640847,1483340441.63,0.10616789932387086,0.1214661013334586
300339,润和软件,2022-09-30,0.039252,-0.363122,-0.065422,0.34412,4892365690.05,239856233.57,2.963354,2022,3,22.310941804645115,19.29555027919553,0.0490266363485082,19.25896983603937,0.0523744338474303,2214325810.82,0.10832020852485905,0.11808764442426613
300339,润和软件,2022-12-31,0.034631,-1.414097,0.040224,0.332866,4805232236.02,280232344.24,3.410625,2022,4,22.292971210358875,19.451129621464744,0.0583181687118844,19.457871477422387,0.0639210500870754,2974714403.62,0.09420478950818899,0.10226224479102343
300339,润和软件,2023-06-30,0.023968,0.256742,-0.052656,0.32088,4845016424.62,154084843.91,4.25936,2023,2,22.30121647229784,18.85301394963967,0.0318027495483846,18.874828960785447,0.0322782039986568,1435301836.29,0.10735361720729203,0.10616789932387086
300339,润和软件,2023-09-30,0.029248,-0.594187,0.040457,0.320988,4890652249.13,246658533.28,4.009393,2023,3,22.310591515818462,19.32351548581575,0.0504346906537626,19.29555027919553,0.0490266363485082,2161796731.53,0.11409885567984401,0.10832020852485905
300339,润和软件,2023-12-31,0.049939,2.92233,0.299979,0.331825,5059287626.78,278605377.94,4.421482,2023,4,22.344491525113273,19.44530692615878,0.0550681041467727,19.451129621464744,0.0583181687118844,3106224652.97,0.0896926040663585,0.09420478950818899
300339,润和软件,2024-03-31,0.007975,-0.606989,-0.184539,0.314124,4987009741.0,61389545.74,3.944038,2024,1,22.330102316787013,17.932750130089243,0.0123098908821642,,,770144153.04,0.0797117598019491,
300339,润和软件,2024-06-30,0.025418,1.19477,0.051858,0.328435,5117729491.91,144515149.76,3.545059,2024,2,22.355976719029652,18.788894909570605,0.0282381376328011,18.85301394963967,0.0318027495483846,1580226650.83,0.09145216585487576,0.10735361720729203
300339,润和软件,2024-09-30,0.032837,-0.562664,0.022894,0.381432,5629319596.86,226919882.42,5.668372,2024,3,22.451254418661467,19.240107576673168,0.0403103569650894,19.32351548581575,0.0504346906537626,2408855239.73,0.0942023740892934,0.11409885567984401
300339,润和软件,2024-12-31,0.048108,1.032131,0.1952,0.347968,5372343594.59,267794064.39,7.764552,2024,4,22.404530073835673,19.40572883037087,0.0498467865420356,19.44530692615878,0.0550681041467727,3399232271.99,0.07878074899342677,0.0896926040663585
300339,润和软件,2025-03-31,0.008666,-0.423174,-0.159452,0.381602,5723618119.15,65795179.19,7.605992,2025,1,22.467866980683016,18.00205714422058,0.0114953824347336,17.932750130089243,0.0123098908821642,832459245.69,0.07903711746929351,0.0797117598019491
300339,润和软件,2025-06-30,0.0161,-0.118969,0.098486,0.369241,5750448053.58,155231424.97,7.408965,2025,2,22.47254361108162,18.860427632135785,0.0269946660718653,18.788894909570605,0.0282381376328011,1746904035.06,0.08886087721737293,0.09145216585487576
300339,润和软件,2025-09-30,0.021644,-0.258915,0.062563,0.386445,5935796196.5,238986113.78,8.517199,2025,3,22.504267008748364,19.291916011053267,0.0402618462407648,19.240107576673168,0.0403103569650894,2718559225.51,0.08790910697748965,0.0942023740892934
300394,天孚通信,2019-12-31,0.149129,-0.168286,0.036164,0.128818,1344719334.53,56038097.72,5.787982,2019,4,21.019451155013034,17.841542351662678,0.0416727091527885,,,522930856.11,0.10716158181381483,
300394,天孚通信,2020-03-31,0.039098,0.147975,0.122959,0.146042,1428073505.34,18924490.2776,5.577958,2020,1,21.07959217386678,16.75596747595423,0.0132517620464462,,,156570234.99,0.1208690162520909,
300394,天孚通信,2020-06-30,0.106418,0.731653,0.508193,0.144529,1435658126.6,37068979.66,8.394828,2020,2,21.084889205830144,17.428291077041806,0.0258201997907319,,,392708314.78,0.09439316221447079,
300394,天孚通信,2020-09-30,0.174839,0.104008,0.118042,0.174938,1589298191.89,56454937.93,7.195352,2020,3,21.18655836698944,17.84895333684965,0.0355219292503337,,,656720602.13,0.08596492594703853,
300394,天孚通信,2020-12-31,0.222632,-0.253619,-0.179096,0.142156,1605717976.68,77303023.84,6.737104,2020,4,21.19683683099813,18.163243643969277,0.0481423419072834,17.841542351662678,0.0416727091527885,873449245.94,0.08850316626790035,0.10716158181381483
300394,天孚通信,2021-03-31,0.039524,0.063293,0.122981,0.091305,2433319178.34,21834966.55,3.774257,2021,1,21.61252207929518,16.8990232587546,0.0089733261235773,16.75596747595423,0.0132517620464462,243382082.88,0.08971476573633308,0.1208690162520909
300394,天孚通信,2021-06-30,0.078783,-0.039409,0.012208,0.08585432,2353151206.84,52746036.69,4.287293,2021,2,21.579021205927436,17.78099921261767,0.0224150647594089,17.428291077041806,0.0258201997907319,489735393.12,0.10770313404135694,0.09439316221447079
300394,天孚通信,2021-09-30,0.118948,0.109794,0.121092,0.090487,2453592694.27,82000660.21,3.994656,2021,3,21.620819193204458,18.2222378687326,0.033420648994228,17.84895333684965,0.0355219292503337,765920210.67,0.10706162217376235,0.08596492594703853
300394,天孚通信,2021-12-31,0.166161,0.242043,-0.035165,0.08585432,2551079700.12,99672659.89,5.701634,2021,4,21.659782518315023,18.417401983587386,0.039070774576471,18.163243643969277,0.0481423419072834,1032392964.65,0.0965452722973474,0.08850316626790035
300394,天孚通信,2022-03-31,0.035166,-0.109705,0.06109,0.08585432,2644175687.54,26920796.05,4.194653,2022,1,21.69562520436068,17.108409670400558,0.0101811676799152,16.8990232587546,0.0089733261235773,282751462.83,0.0952101035324642,0.08971476573633308
300394,天孚通信,2022-06-30,0.073848,0.082636,0.042382,0.126018,2721995113.67,62197556.05,4.031947,2022,2,21.724630946049167,17.945826281214625,0.0228499881346739,17.78099921261767,0.0224150647594089,577486466.31,0.1077039197947399,0.10770313404135694
300394,天孚通信,2022-09-30,0.115602,0.156138,0.059075,0.12316,2835388447.3,96131434.82,3.799467,2022,3,21.765444783187927,18.38122693616264,0.0339041498569768,18.2222378687326,0.033420648994228,889632875.27,0.10805742176605658,0.10706162217376235
300394,天孚通信,2022-12-31,0.162842,0.205917,-0.017259,0.090973,2900921125.63,122715858.99,3.533765,2022,4,21.788294153032847,18.625382159600218,0.0423023769608177,18.417401983587386,0.039070774576471,1196392006.89,0.1025716138884927,0.0965452722973474
300394,天孚通信,2023-03-31,0.034067,-0.269969,-0.064445,0.08585432,3020530289.54,31170370.67,6.82851,2023,1,21.828698245481533,17.254978575637782,0.0103195027634524,17.108409670400558,0.0101811676799152,286990129.38,0.10861129871378855,0.0952101035324642
300394,天孚通信,2023-06-30,0.087818,0.563037,0.314262,0.09454,3026284430.8,63456523.31,14.029813,2023,2,21.83060144353307,17.965865572843168,0.0209684597601505,17.945826281214625,0.0228499881346739,664170359.25,0.09554254029291055,0.1077039197947399
300394,天孚通信,2023-09-30,0.157382,0.413907,0.436821,0.117238,3342427727.86,104684341.83,11.340889,2023,3,21.92996324452561,18.466460121487103,0.0313198520217591,18.38122693616264,0.0339041498569768,1206110652.99,0.08679497322279928,0.10805742176605658
300394,天孚通信,2023-12-31,0.243284,0.425372,0.351601,0.137245,3898223252.92,143255785.64,9.408145,2023,4,22.0837867101013,18.78014230813592,0.0367489946946196,18.625382159600218,0.0423023769608177,1938597573.62,0.07389660834687535,0.1025716138884927
300394,天孚通信,2024-03-31,0.079679,-0.035707,-0.001115,0.124911,4183093556.61,52374016.71,14.404898,2024,1,22.154316895068384,17.773921181090365,0.0125204029030716,17.254978575637782,0.0103195027634524,731670538.96,0.0715814207641115,0.10861129871378855
300394,天孚通信,2024-06-30,0.184492,0.342681,0.126575,0.141362,4359433189.52,112089366.88,11.376049,2024,2,22.19560788345264,18.534807038584464,0.0257119129958135,17.965865572843168,0.0209684597601505,1555952429.46,0.07203907057679206,0.09554254029291055
300394,天孚通信,2024-09-30,0.270108,-0.142456,0.017558,0.168989,4664594713.76,172805259.63,12.103171,2024,3,22.263266789392286,18.96767585733149,0.0370461466073879,18.466460121487103,0.0313198520217591,2394707401.46,0.07216132523106766,0.08679497322279928
300394,天孚通信,2024-12-31,0.365445,0.13329,0.021753,0.158491,4736726176.3,232236461.55,10.843275,2024,4,22.27861205391852,19.26326664569244,0.0490288973662832,18.78014230813592,0.0367489946946196,3251707626.61,0.07141984711341139,0.07389660834687535
300394,天孚通信,2025-03-31,0.081096,-0.07506,0.102253,0.166356,5209808463.88,61496570.67,9.164215,2025,1,22.37380892886508,17.934491986019673,0.0118039983804319,17.773921181090365,0.0125204029030716,944631274.77,0.065101137674034,0.0715814207641115
300394,天孚通信,2025-06-30,0.207248,0.663156,0.59984,0.169454,5651354599.63,125502253.16,11.152464,2025,2,22.45516110551571,18.64783427780907,0.0222074638827683,18.534807038584464,0.0257119129958135,2455890299.5,0.05110254850778607,0.07203907057679206
300394,天孚通信,2025-09-30,0.330452,0.008104,-0.032255,0.164521,5846616056.67,200146396.16,20.41688944000001,2025,3,22.489128878971076,19.11455964254137,0.0342328612346054,18.96767585733149,0.0370461466073879,3918403111.99,0.051078561965094416,0.07216132523106766
300418,昆仑万维,2019-12-31,0.277187,-0.021371,0.059113,0.542666,10257378104.21,282954126.49,2.417919,2019,4,23.05126309863311,19.460795348794,0.0275854242297907,,,3687883695.82,0.07672533892831597,
300418,昆仑万维,2020-03-31,0.100041,0.453871,0.019839,0.504211,10989947666.33,38684233.29,2.364181,2020,1,23.12024684341521,17.4709426923098,0.0035199651958777,,,1009376976.02,0.038324861978260044,
300418,昆仑万维,2020-06-30,0.4892560400000003,5.242821,-0.292946,0.314273,12625839904.92,71308826.38,2.632353,2020,2,23.25901133701738,18.08253068389228,0.005647848136599,,,1723061101.05,0.041384966752801615,
300418,昆仑万维,2020-09-30,0.4892560400000003,-0.841912,-0.234105,0.290783,12749551808.05,102495300.16,2.686618,2020,3,23.268761955623184,18.44532751315048,0.0080391296653491,,,2269667872.54,0.04515872185532452,
300418,昆仑万维,2020-12-31,0.4892560400000003,0.63382,-0.140874,0.268867,13239640167.63,165881812.14,2.03696,2020,4,23.306481209414503,18.92678612371435,0.0125291782888155,19.460795348794,0.0275854242297907,2739272126.08,0.06055689413281586,0.07672533892831597
300418,昆仑万维,2021-03-31,0.023194,-0.614872,0.689532,0.222803,17392229998.5,132584445.72,1.822415,2021,1,23.5792893916226,18.702730334115508,0.0076231998847436,17.4709426923098,0.0035199651958777,793411385.45,0.16710681010054063,0.038324861978260044
300418,昆仑万维,2021-06-30,0.089388,1.689116,0.900753,0.299257,17897998267.43,274767574.58,1.377259,2021,2,23.607954714904636,19.43143611855601,0.0153518606089045,18.08253068389228,0.005647848136599,2301490419.15,0.11938679922094951,0.041384966752801615
300418,昆仑万维,2021-09-30,0.181158,0.573256,-0.160771,0.268748,19259116971.47,416470983.87,1.305425,2021,3,23.681250394470435,19.84732735296684,0.0216246146947936,18.44532751315048,0.0080391296653491,3567114639.88,0.11675290141053901,0.04515872185532452
300418,昆仑万维,2021-12-31,0.110743,-1.76057,0.013599,0.257444,17898675591.47,596340842.82,1.806645,2021,4,23.607992557752425,20.206322947169397,0.0333175960295184,18.92678612371435,0.0125291782888155,4849950685.86,0.1229581250297303,0.06055689413281586
300418,昆仑万维,2022-06-30,0.046802,-0.248935,-0.114374,0.189928,17901550365.86,305878947.56,1.262051,2022,2,23.60815315866034,19.53869998870795,0.0170867294345265,19.43143611855601,0.0153518606089045,2249202968.9,0.13599437302432238,0.11938679922094951
300418,昆仑万维,2022-09-30,0.058301,-0.362965,0.088072,0.171692,18249247057.02,483957752.49,1.16796904,2022,3,23.627389658974224,19.99750817469356,0.0265193271249968,19.84732735296684,0.0216246146947936,3398628901.24,0.1423979394494723,0.11675290141053901
300418,昆仑万维,2022-12-31,0.088644,1.282353,0.163506,0.17184,17560746007.37,690332232.42,1.16796904,2022,4,23.58893190758641,20.352683537382894,0.0393110994333769,20.206322947169397,0.0333175960295184,4735992652.99,0.14576294411778043,0.1229581250297303
300418,昆仑万维,2023-03-31,0.017871,-0.359155,-0.089845,0.160459,17324682816.6,170600992.53,3.362728,2023,1,23.575398074010632,18.95483801674464,0.0098472794183876,,,1217208465.68,0.14015757969173576,
300418,昆仑万维,2023-06-30,0.028321,-0.30494,-0.007548,0.156798,19651250589.15,351117052.85,2.607514,2023,2,23.70140681645028,19.67663021258793,0.0178674151681655,19.53869998870795,0.0170867294345265,2425229544.83,0.14477683302122732,0.13599437302432238
300418,昆仑万维,2023-09-30,0.028128,-1.009341,0.039676,0.164466,19943153216.4,620340661.23,2.500274,2023,3,23.716151724203723,20.24577934031785,0.0311054452873515,19.99750817469356,0.0265193271249968,3681179543.46,0.16851681747827268,0.1423979394494723
300418,昆仑万维,2024-03-31,-0.011541,-1.187764,-0.021484,0.171779,21372927974.8,348655625.7,2.437169,2024,1,23.785390910219093,19.669595250035417,0.016312955628311,18.95483801674464,0.0098472794183876,1207545098.58,0.28873093527521076,0.14015757969173576
300474,景嘉微,2019-12-31,0.077016,0.14372,0.132372,0.092148,2597740933.18,117164726.68,6.885967,2019,4,21.67790803243206,18.57909143144835,0.0451025447470521,,,530787249.45,0.22073764356887945,
300474,景嘉微,2020-03-31,0.010741,-0.518544,-0.187919,0.103347,2658961011.33,25907001.64,5.892091,2020,1,21.701201286192685,17.07002386232656,0.0097432799990705,,,118035370.4,0.21948507089193664,
300474,景嘉微,2020-06-30,0.037381,1.500521,0.622041,0.094256,2663083154.77,72812393.93,7.707868,2020,2,21.70275036926515,18.103396758701795,0.027341389546767,,,309493570.91,0.2352630257097446,
300474,景嘉微,2020-09-30,0.060786,-0.096004,-0.181657,0.093788,2725243249.36,105380809.93,7.072176,2020,3,21.725823526897845,18.47309111800903,0.0386684050881504,,,466172094.02,0.22605559466517294,
300474,景嘉微,2020-12-31,0.084926,0.057552,0.197356,0.167139,3039205042.99,177403749.32,7.09667,2020,4,21.834861819151264,18.9939387680898,0.058371760644839,18.57909143144835,0.0451025447470521,653772093.45,0.2713541172793538,0.22073764356887945
300474,景嘉微,2021-03-31,0.019118,-0.197591,0.132058,0.174606,3125894571.19,43828978.17,7.768709,2021,1,21.862986341950204,17.59580578145527,0.0140212592497368,17.07002386232656,0.0097432799990705,212374054.97,0.20637633055596782,0.21948507089193664
300474,景嘉微,2021-06-30,0.048866,0.575035,0.237124,0.174679,3172141572.0,108847217.05,9.473832,2021,2,21.877672771501103,18.505455787670087,0.0343134802086948,18.103396758701795,0.027341389546767,475107031.5,0.22910041281929544,0.2352630257097446
300474,景嘉微,2021-09-30,0.094617,0.606706,0.287783,0.152814,3236219359.62,161828260.1,11.747262,2021,3,21.897671621119617,18.902046214208863,0.0500053433086816,18.47309111800903,0.0386684050881504,813450121.02,0.19894060609036554,0.22605559466517294
300474,景嘉微,2021-12-31,0.108501,-0.649895,-0.173176,0.138437,3325204147.19,253153010.7,13.92658,2021,4,21.924796906820596,19.349504653208495,0.0761315695200036,18.9939387680898,0.058371760644839,1093200462.47,0.23157053019170956,0.2713541172793538
300474,景嘉微,2022-03-31,0.026559,0.785623,0.293127,0.147894,3468808736.37,66757813.19,8.528132,2022,1,21.967077068323224,18.016581914909736,0.0192451698158082,17.59580578145527,0.0140212592497368,361752855.04,0.18453983779234692,0.20637633055596782
300474,景嘉微,2022-06-30,0.042829,-0.386321,-0.496558,0.178908,3604492366.07,134511811.15,8.773226,2022,2,22.005446783917915,18.717162575826563,0.037317823840104,18.505455787670087,0.0343134802086948,543874510.45,0.24732141066641525,0.22910041281929544
300474,景嘉微,2022-09-30,0.057792,0.020146,0.017938,0.164382,3741266926.44,214779375.99,5.963738,2022,3,22.04269014139492,19.18512190570106,0.0574081935913546,18.902046214208863,0.0500053433086816,729263123.59,0.29451561314754127,0.19894060609036554
300474,景嘉微,2022-12-31,0.093832,1.393966,1.290711,0.165705,3948640091.47,312387663.6,6.449084,2022,4,22.096637075940748,19.55975548923472,0.0791127214341037,19.349504653208495,0.0761315695200036,1153934901.2,0.2707151532336372,0.23157053019170956
300474,景嘉微,2023-03-31,-0.01581568,-1.610119,-0.61762268,0.1609,3877481661.37,75538766.42,14.466199,2023,1,22.078451723505395,18.140156558197273,0.019481398757489,18.016581914909736,0.0192451698158082,65181995.44,0.49863728454102846,0.18453983779234692
300474,景嘉微,2023-09-30,0.004643,-0.631248,-0.556586,0.188329,4207995783.59,239202399.56,8.996441,2023,3,22.160252310382745,19.292820615776343,0.0568447336598629,19.18512190570106,0.0574081935913546,469171813.61,0.49863728454102846,0.29451561314754127
300474,景嘉微,2023-12-31,0.017794,0.897997,0.966695,0.186124,4194391499.21,331233380.78,7.902724,2023,4,22.157014112520656,19.61833376579492,0.0789705445575089,19.55975548923472,0.0791127214341037,713248175.43,0.4644013012445597,0.2707151532336372
300474,景嘉微,2024-03-31,-0.003372,-1.261538,-0.555963,0.182382,4192893059.31,70286523.55,8.24999,2024,1,22.156656800233115,18.06809065348523,0.0167632521401742,18.140156558197273,0.019481398757489,108379019.23,0.49863728454102846,0.49863728454102846
300474,景嘉微,2024-09-30,0.006975,-1.224997,-0.61762268,0.126784,3930621619.18,188935546.94,9.044779,2024,3,22.092063423138917,19.0569164986742,0.0480675997959364,19.292820615776343,0.0568447336598629,441058430.06,0.42836852004914155,0.49863728454102846
300502,新易盛,2019-12-31,0.172789,0.526723,0.353114,0.202494,1665182568.13,81343198.45,5.902451,2019,4,21.23320060489617,18.21418779194566,0.0488494174793989,,,1164873682.36,0.06983005941485523,
300502,新易盛,2020-03-31,0.04137,-0.296201,-0.313995,0.21289,1765623145.88,18924490.2776,8.02735,2020,1,21.291769522177468,16.75596747595423,0.0107183066339832,,,270030885.97,0.0700826877992856,
300502,新易盛,2020-06-30,0.135664,1.401455,1.097985,0.265927,2031111466.34,39120247.32,10.553606,2020,2,21.431849000530057,17.482150750759008,0.019260512270404,,,836551632.99,0.04676369727493872,
300502,新易盛,2020-09-30,0.229989,0.115779,0.060691,0.329067,2451427730.55,65030543.08,9.003745,2020,3,21.61993643893512,17.990367626410364,0.0265276199129108,,,1437455100.28,0.04524005171871649,
300502,新易盛,2020-12-31,0.206101,-0.004783,-0.067267,0.183322,4217115642.85,85082819.93,4.948451,2020,4,22.162417234348823,18.25913570395258,0.0201755956287932,18.21418779194566,0.0488494174793989,1997937746.27,0.042585320833365935,0.06983005941485523
300502,新易盛,2021-03-31,0.032114,-0.250179,0.11391,0.167541,4272204171.44,18924490.2776,3.625784,2021,1,22.175395730402332,16.75596747595423,0.0044296783389032,16.75596747595423,0.0107183066339832,624327163.09,0.030311816298263378,0.0700826877992856
300502,新易盛,2021-06-30,0.090943,0.87356,0.308409,0.165637,4385879062.54,33249670.14,3.778697,2021,2,22.20165591304166,17.31955543449091,0.007581073181882,17.482150750759008,0.019260512270404,1441202575.66,0.02307078179122271,0.04676369727493872
300502,新易盛,2021-09-30,0.128322,-0.326387,-0.292318,0.169594,4577621065.81,54911345.19,3.89939,2021,3,22.24444528218286,17.821230555253933,0.0119956074127956,17.990367626410364,0.0265276199129108,2019290923.95,0.02719337988336329,0.04524005171871649
300502,新易盛,2021-12-31,0.178832,0.389084,0.537975,0.186157,4864234763.02,108424232.18,4.270589,2021,4,22.30517524586906,18.501562175306532,0.0222900903147782,18.25913570395258,0.0201755956287932,2908376063.76,0.037279990552469076,0.042585320833365935
300502,新易盛,2022-03-31,0.032901,-0.328003,-0.169356,0.182845,5006577034.73,36826739.98,3.342906,2022,1,22.33401829193673,17.42173479631696,0.0073556722935725,16.75596747595423,0.0044296783389032,738513303.86,0.04986604816394918,0.030311816298263378
300502,新易盛,2022-06-30,0.110814,1.481929,0.002466,0.213363,5546502713.83,65189940.67,2.608685,2022,2,22.436433424429808,17.992815746131186,0.0117533415259044,17.31955543449091,0.007581073181882,1478847956.12,0.04408157065790354,0.02307078179122271
300502,新易盛,2022-09-30,0.176812,-0.083114,0.263833,0.174002,5648341449.56,111436020.83,2.07187,2022,3,22.45462779026045,18.52896118893432,0.0197289809451375,17.821230555253933,0.0119956074127956,2414507112.66,0.046152699342117,0.02719337988336329
300502,新易盛,2022-12-31,0.205642,-0.531614,-0.042315,0.178163,5876061496.29,187241361.94,2.227715,2022,4,22.494152560875506,19.04790905347668,0.0318651127218834,18.501562175306532,0.0222900903147782,3310573790.53,0.05655858282803113,0.037279990552469076
300502,新易盛,2023-03-31,0.022081,-0.23601,-0.330158,0.151653,5820940965.35,31577936.24,4.376689,2023,1,22.484727763516485,17.26796924610237,0.005424885156536,17.42173479631696,0.0073556722935725,600222891.1,0.05261034976878108,0.04986604816394918
300502,新易盛,2023-06-30,0.058305,0.674135,0.173666,0.140399,5889248623.98,60813226.33,8.333837,2023,2,22.49639425838752,17.923317878044525,0.0103261434883864,17.992815746131186,0.0117533415259044,1304683825.02,0.04661146644403886,0.04408157065790354
300502,新易盛,2023-09-30,0.085631,-0.217866,0.110585,0.144384,6081888071.47,100283222.99,5.513814,2023,3,22.528581022788245,18.423508980617907,0.0164888307399845,18.52896118893432,0.0197289809451375,2087047551.82,0.0480502817976277,0.046152699342117
300502,新易盛,2023-12-31,0.133725,0.832862,0.291673,0.151243,6439983560.34,133774501.55,5.588091,2023,4,22.58579182431718,18.71166612359745,0.0207724911556975,19.04790905347668,0.0318651127218834,3097605750.52,0.04318641955243758,0.05655858282803113
300502,新易盛,2024-03-31,0.057628,0.254032,0.101227,0.211683,7354053814.22,53189130.31,6.679487,2024,1,22.718517537478892,17.78936463475584,0.0072326272901555,17.26796924610237,0.005424885156536,1112853894.49,0.04779525018814404,0.05261034976878108
300502,新易盛,2024-06-30,0.147772,0.665744,0.451063,0.248056,8302736259.61,129569726.5,9.258939,2024,2,22.839850967252335,18.679729730492493,0.0156056657044874,17.923317878044525,0.0103261434883864,2727674771.39,0.04750189716861749,0.04661146644403886
300502,新易盛,2024-09-30,0.262329,0.444559,0.487943,0.278776,9821803616.17,200856114.66,9.658331,2024,3,23.00787061008237,19.118099367198216,0.0204500234895068,18.423508980617907,0.0164888307399845,5130435808.52,0.03914991282542561,0.0480502817976277
300502,新易盛,2024-12-31,0.411453,0.526052,0.463481,0.32107,12266549853.89,403168623.6,6.99971,2024,4,23.23014187062714,19.814865455721392,0.0328673203469797,18.71166612359745,0.0207724911556975,8646831134.32,0.04662617059789567,0.04318641955243758
300502,新易盛,2025-03-31,0.172271,0.31952,0.152389,0.331444,14850327707.24,117885316.89,5.014715,2025,1,23.421287769779237,18.585222827557992,0.0079382299982866,17.78936463475584,0.0072326272901555,4052256538.37,0.029091276866054186,0.04779525018814404
300502,新易盛,2025-06-30,0.386079,0.506982,0.575644,0.330757,18071339565.19,333715619.54,7.305651,2025,2,23.61759307080014,19.6257997527549,0.0184665679229901,18.679729730492493,0.0156056657044874,10437170265.5,0.031973764061614944,0.04750189716861749
300502,新易盛,2025-09-30,0.4892560400000003,0.006342,-0.049694,0.31992,21356332939.88,501274536.72,17.343689,2025,3,23.784614157455337,20.032664488444247,0.0234719386577804,19.118099367198216,0.0204500234895068,16504791211.36,0.030371455797331158,0.03914991282542561
300624,万兴科技,2019-12-31,0.124071,-1.199074,0.070426,0.224371,1123892133.7316,155569811.67,5.914628,2019,4,20.840063617381876,18.86260514491011,0.1384205894861722,,,703474142.6,0.22114503184868017,
300624,万兴科技,2020-06-30,0.129886,0.741338,0.406338,0.182553,1123892133.7316,72198609.96,11.309836,2020,2,20.840063617381876,18.094931364896823,0.0642398036191273,,,474618179.53,0.15211935208949665,
300624,万兴科技,2020-09-30,0.185262,-0.253953,-0.120303,0.182663,1123892133.7316,124129297.06,8.979007,2020,3,20.840063617381876,18.636834306598193,0.1104459167694857,,,718629885.44,0.1727304967062406,
300624,万兴科技,2020-12-31,0.175353,-1.146496,0.056702,0.221769,1123892133.7316,218609339.5,6.983977,2020,4,20.840063617381876,19.20279686152214,0.1945109614515789,18.86260514491011,0.1384205894861722,976477439.98,0.2238754635278389,0.22114503184868017
300624,万兴科技,2021-06-30,0.069804,-0.286264,-0.015377,0.416486,1465919939.14,141896698.79,5.609333,2021,2,21.105748827146066,18.770609884565943,0.0967970316804923,18.094931364896823,0.0642398036191273,502820185.45,0.28220167546179403,0.15211935208949665
300624,万兴科技,2021-09-30,0.045099,-1.854763,0.01802,0.418716,1462243997.55,238095484.92,4.949218,2021,3,21.10323807733797,19.288182352520547,0.1628288338464241,18.636834306598193,0.1104459167694857,756777699.0,0.31461746987869416,0.1727304967062406
300624,万兴科技,2022-03-31,0.001593,-0.874206,-0.035356,0.415324,1510754236.51,81287656.61,3.981008,2022,1,21.135874857444936,18.21350475007816,0.0538060093730287,,,262750168.48,0.3093724243080265,
300624,万兴科技,2022-06-30,0.028479,8.162440200000004,0.056486,0.429068,1511884226.53,163042512.29,3.177586,2022,2,21.13662254201685,18.909521542494065,0.1078406067270156,18.770609884565943,0.0967970316804923,540342094.67,0.3017394237803627,0.28220167546179403
300624,万兴科技,2022-09-30,0.04945,-0.224292,0.073794,0.419409,1478893583.68,251098194.34,2.667111,2022,3,21.11456006655162,19.341354637084866,0.169787871900276,19.288182352520547,0.1628288338464241,838418716.52,0.2994902062566374,0.31461746987869416
300624,万兴科技,2022-12-31,0.072953,0.173847,0.146366,0.423711,1532253152.47,347795728.91,2.912768,2022,4,21.1500051377403,19.66712588237953,0.2269832033625458,,,1180123604.41,0.2947112722856515,
300624,万兴科技,2023-03-31,0.027783,0.171263,0.03809,0.399337,1522160570.99,94304642.37,6.901649,2023,1,21.143396590814604,18.362040986794387,0.0619544640475512,18.21350475007816,0.0538060093730287,354720295.33,0.2658563482595982,0.3093724243080265
300624,万兴科技,2023-06-30,0.047579,0.098278,0.024527,0.155734,1562523761.04,192427257.31,10.479843,2023,2,21.169568146524803,19.075228761368795,0.1231515719043673,18.909521542494065,0.1078406067270156,718140826.29,0.2679519813740459,0.3017394237803627
300624,万兴科技,2023-09-30,0.070577,-0.038221,0.038968,0.158396,1602814198.42,300809804.58,8.710935,2023,3,21.195026795197133,19.52198874784641,0.1876760293716689,19.341354637084866,0.169787871900276,1095723164.18,0.2745308435686082,0.2994902062566374
300624,万兴科技,2023-12-31,0.095115,0.119406,0.020209,0.169676,1678769662.57,402503336.23,7.929411,2023,4,21.241327018358593,19.813213946043177,0.239760906575959,19.66712588237953,0.2269832033625458,1480936048.65,0.2717898160402782,0.2947112722856515
300624,万兴科技,2024-03-31,0.019536,-0.067732,-0.070914,0.139392,1654421365.43,103521599.04,7.933424,2024,1,21.226717156502296,18.455290844934357,0.06257269230387,18.362040986794387,0.0619544640475512,357895828.37,0.28925064455620664,0.2658563482595982
300624,万兴科技,2024-06-30,0.02061,-0.947514,-0.029557,0.14533,1658121414.84,208885919.78,6.333271,2024,2,21.228951120676783,19.157298827319185,0.1259774573264023,19.075228761368795,0.1231515719043673,705213221.33,0.2962025008352093,0.2679519813740459
300624,万兴科技,2024-09-30,-0.003118,-2.41789424,0.000962,0.163026,1606277877.31,306063266.09,7.077877,2024,3,21.197185461980933,19.539302393741824,0.1905419170701384,19.52198874784641,0.1876760293716689,1052864618.62,0.29069574632601874,0.2745308435686082
601138,工业富联,2019-12-31,0.23014,0.789123,0.177481,0.565452,205612945000.0,9427180000.0,2.329678,2019,4,26.04926133060765,22.96686284337565,0.0458491560441391,,,408697581000.0,0.023066395394202247,
601138,工业富联,2020-03-31,0.020712,-0.778035,-0.378468,0.530641,194204632000.0,1358168000.0,1.881188,2020,1,25.99217824421847,21.02940257050779,0.006993489218115,,,80054450000.0,0.016965552820611473,
601138,工业富联,2020-06-30,0.055796,0.69607,0.206676,0.546148,201165766000.0,3716707000.0,2.042736,2020,2,26.027395111589627,22.036103898412534,0.0184758424552217,,,176654265000.0,0.021039441080010154,
601138,工业富联,2020-09-30,0.095335,0.186612,0.096506,0.564925,219044438000.0,6952265000.0,1.797946,2020,3,26.112540459420813,22.66233334285389,0.0317390620071348,,,282576566000.0,0.024603119424984447,
601138,工业富联,2020-12-31,0.180224,1.292594,0.408668,0.538651,225513944000.0,10037729000.0,1.744914,2020,4,26.14164782989756,23.029616730504497,0.0445104582978691,22.96686284337565,0.0458491560441391,431785888000.0,0.023247005701121943,0.023066395394202247
601138,工业富联,2021-03-31,0.030206,-0.630221,-0.340667,0.521299,223796573000.0,2610236000.0,1.797306,2021,1,26.13400331992773,21.682706476032287,0.011663431503931,21.02940257050779,0.006993489218115,98378704000.0,0.026532530861557192,0.016965552820611473
601138,工业富联,2021-06-30,0.064048,0.108777,-0.007394,0.541436,231099726000.0,5233185000.0,1.608465,2021,2,26.16611516859212,22.37828591647291,0.0226447044770619,22.036103898412534,0.0184758424552217,196029977000.0,0.026695840504026586,0.021039441080010154
601138,工业富联,2021-09-30,0.102519,0.208991,0.11957,0.544241,242607324000.0,8153133000.0,1.495811,2021,3,26.214710022613193,22.8216681076304,0.0336062937654759,22.66233334285389,0.0317390620071348,305357387000.0,0.026700297248744797,0.024603119424984447
601138,工业富联,2021-12-31,0.17917,1.110722,0.227504,0.551824,266608775000.0,10369836440.000002,1.439985,2021,4,26.30904815862797,23.06216708673945,0.0388953305831738,23.029616730504497,0.0445104582978691,439557195000.0,0.023591552039092436,0.023247005701121943
601138,工业富联,2022-03-31,0.026855,-0.63933,-0.217119,0.540785,267627597000.0,2406023000.0,1.294186,2022,1,26.312862287685867,21.60124101430358,0.0089901902007512,21.682706476032287,0.011663431503931,105062471000.0,0.02290087961095071,0.026532530861557192
601138,工业富联,2022-06-30,0.058346,0.114261,0.144061,0.589492,283525174000.0,5107111000.0,1.278928,2022,2,26.37056675335011,22.353899719445227,0.0180129013870211,22.37828591647291,0.0226447044770619,225260378000.0,0.02267203422698687,0.026695840504026586
601138,工业富联,2022-09-30,0.09814,0.35831,0.130001,0.591438,296480631000.0,8349221000.0,1.16796904,2022,3,26.41524772778665,22.845434078163674,0.0281611010197829,22.8216681076304,0.0336062937654759,361084106000.0,0.02312264888225238,0.026700297248744797
601138,工业富联,2022-12-31,0.161432,0.680229,0.110008,0.544901,284187662000.0,10369836440.000002,1.186418,2022,4,26.37290063857766,23.06216708673945,0.0364893970660837,23.06216708673945,0.0388953305831738,511849579000.0,0.020259538867374943,0.023591552039092436
601138,工业富联,2023-03-31,0.023861,-0.622545,-0.297661,0.485569,257612005000.0,2441219000.0,1.813299,2023,1,26.274720433351582,21.61576334207147,0.0094763402039435,21.60124101430358,0.0089901902007512,105888545000.0,0.023054608975881196,0.02290087961095071
601138,工业富联,2023-06-30,0.055869,0.29139,-0.047225,0.526667,268152262000.0,4931950000.0,2.393646,2023,2,26.31482079791687,22.31900028452478,0.0183923490453345,22.353899719445227,0.0180129013870211,206776498000.0,0.02385159845390166,0.02267203422698687
601138,工业富联,2023-09-30,0.102792,0.570801,0.209678,0.510731,272344998000.0,7816606000.0,1.947721,2023,3,26.33033547453437,22.779516282074376,0.0287011182779277,22.845434078163674,0.0281611010197829,328818385000.0,0.023771803392319442,0.02312264888225238
601138,工业富联,2023-12-31,0.155732,0.187028,0.208779,0.511322,287705301000.0,10369836440.000002,1.555361,2023,4,26.38520253277734,23.06216708673945,0.0360432581671479,23.06216708673945,0.0364893970660837,476340107000.0,0.02176981591012659,0.020259538867374943
601138,工业富联,2024-03-31,0.029281,-0.442506,-0.195454,0.472905,276713342000.0,2263274000.0,2.107462,2024,1,26.34624794086378,21.540078274925033,0.008179128565474,21.61576334207147,0.0094763402039435,118687964000.0,0.019069111338029188,0.023054608975881196
601138,工业富联,2024-06-30,0.062504,0.084258,0.24194,0.525674,293248961000.0,4876045000.0,2.382017,2024,2,26.404287781421715,22.307600277604063,0.0166276633457535,22.31900028452478,0.0183923490453345,266091235000.0,0.018324711071373696,0.02385159845390166
601138,工业富联,2024-09-30,0.106477,0.409487,0.155212,0.53323,308443216000.0,7133010000.0,2.155806,2024,3,26.454803598520023,22.68799914231619,0.0231258449853538,22.779516282074376,0.0287011182779277,436373331000.0,0.01634611809033765,0.023771803392319442
601138,工业富联,2024-12-31,0.158342,0.264612,0.014564,0.517716,313528185680.0,10369836440.000002,1.863009,2024,4,26.47115509945332,23.06216708673945,0.0330746545721534,23.06216708673945,0.0360432581671479,609135428000.0,0.017023860316330183,0.02176981591012659
601138,工业富联,2025-03-31,0.033798,-0.352061,-0.071468,0.565363,313528185680.0,2247608000.0,1.652864,2025,1,26.47115509945332,21.5331323769931,0.0071687589909189,21.540078274925033,0.008179128565474,160415051000.0,0.015101728329009072,0.019069111338029188
601138,工业富联,2025-06-30,0.07956,0.31129,0.248914,0.603297,313528185680.0,5095367000.0,1.711531,2025,2,26.47115509945332,22.351597532626556,0.0162517031409754,22.307600277604063,0.0166276633457535,360759653000.0,0.015101728329009072,0.018324711071373696
601138,工业富联,2025-09-30,0.142993,0.50787,0.213768,0.638158,313528185680.0,7606323000.0,3.568465,2025,3,26.47115509945332,22.75224571215611,0.0242604121332916,22.68799914231619,0.0231258449853538,603931430000.0,0.015101728329009072,0.01634611809033765
601360,三六零,2019-12-31,0.224674,-0.308402,-0.07729,0.150211,33751570000.0,2528171000.0,4.861783,2019,4,24.24229277170151,21.650761953743984,0.0749052858874416,,,12841095000.0,0.19688126285180507,
601360,三六零,2020-03-31,0.011565,-0.576357,-0.322043,0.141733,33510909000.0,600820000.0,3.962685,2020,1,24.235136864558697,20.213805948472597,0.0179290869131601,,,2250329000.0,0.26699207093718297,
601360,三六零,2020-06-30,0.036667,1.224566,0.209268,0.17241,35934971000.0,1250254000.0,3.618909,2020,2,24.30497678085383,20.946612568418136,0.0347921249192047,,,4971580000.0,0.2514802135337257,
601360,三六零,2020-09-30,0.0558,-0.220228,0.103272,0.192261,37585603000.0,2012808000.0,3.170665,2020,3,24.349886915081573,21.422796599522112,0.0535526329057431,,,7973860000.0,0.2524258013057666,
601360,三六零,2020-12-31,0.086734,1.066439,0.212702,0.169543,44261773000.0,2871129000.0,2.570335,2020,4,24.513387229510773,21.777971169503633,0.0648670128962073,21.650761953743984,0.0749052858874416,11614731000.0,0.24719720155378544,0.19688126285180507
601360,三六零,2021-03-31,0.006951,-0.784001,-0.299061,0.169782,44853010000.0,775311000.0,2.387325,2021,1,24.526656535796818,20.46877479843458,0.0172855957716104,20.213805948472597,0.0179290869131601,2552029000.0,0.3038017984905344,0.26699207093718297
601360,三六零,2021-06-30,0.015075,0.146746,0.201946,0.162557,43574247000.0,1744831000.0,2.164769,2021,2,24.49773214765241,21.279923540346303,0.0400427114667064,20.946612568418136,0.0347921249192047,5619431000.0,0.3104995861680658,0.2514802135337257
601360,三六零,2021-09-30,0.026964,0.433953,-0.048195,0.152126,41940083000.0,2442421000.0,2.17613,2021,3,24.459507841435872,21.61625559785764,0.0582359600957394,21.422796599522112,0.0535526329057431,8538999000.0,0.2860313017954446,0.2524258013057666
601360,三六零,2021-12-31,0.023436,-1.318333,-0.196171,0.168409,42039484000.0,3128725000.0,2.330401,2021,4,24.461875108855097,21.863891410586447,0.0744234872150191,21.777971169503633,0.0648670128962073,10885832000.0,0.28741257443620294,0.24719720155378544
601360,三六零,2022-06-30,-0.012356,-2.41789424,-0.090209,0.173945,39519383000.0,1612564000.0,1.714417,2022,2,24.400057097356022,21.201091296389187,0.0408043819914901,21.279923540346303,0.0400427114667064,4823600000.0,0.33430715648063686,0.3104995861680658
603019,中科曙光,2019-12-31,0.147234,6.23569,0.262894,0.72442,16769281027.02,737734407.32,2.580951,2019,4,23.5428145392936,20.419094437467077,0.0439932043676353,,,9526470351.47,0.07744047691348377,
603019,中科曙光,2020-03-31,0.011394,-0.840087,-0.252211,0.66919,17041225230.01,173159554.21,3.052509,2020,1,23.558901258932273,18.969724011869936,0.0101612150460321,,,2053244579.66,0.08433459702042596,
603019,中科曙光,2020-06-30,0.047819,2.469159,-0.057414,0.607659,16064853806.74,330730172.18,3.719966,2020,2,23.49989972936327,19.61681341412855,0.0205871884150755,,,3988603992.73,0.0829187787964961,
603019,中科曙光,2020-09-30,0.059604,-0.658356,0.017128,0.632731,17609366933.64,527626738.0,3.421778,2020,3,23.591696809554502,20.083899657962952,0.0299628453418191,,,5957112919.64,0.08857088074668987,
603019,中科曙光,2020-12-31,0.107078,7.041323,1.135637,0.429744,20963979137.06,734980839.46,2.798495,2020,4,23.76607152270648,20.41535498943599,0.0350592239505097,20.419094437467077,0.0439932043676353,10161133761.67,0.07233256216274872,0.07744047691348377
603019,中科曙光,2021-03-31,0.006974,-0.849796,-0.528406,0.473341,22856702020.97,177301654.92,2.308276,2021,1,23.852510216356375,18.99336311065113,0.0077570970106419,18.969724011869936,0.0101612150460321,1982592947.83,0.08942917663157296,0.08433459702042596
603019,中科曙光,2021-06-30,0.032921,2.742691,0.268801,0.469533,22906659289.0,373004080.16,2.233129,2021,2,23.85469350387916,19.737099918995952,0.0162836525158044,19.61681341412855,0.0205871884150755,4498108970.28,0.08292464291650568,0.0829187787964961
603019,中科曙光,2021-09-30,0.04097,-0.680756,-0.207203,0.487004,23967869854.23,576976723.44,2.124287,2021,3,23.899980014286086,20.173312484733263,0.0240729245839997,20.083899657962952,0.0299628453418191,6492402477.04,0.08886952487626026,0.08857088074668987
603019,中科曙光,2021-12-31,0.100997,6.675423,1.3299138,0.499409,26121984762.65,962072219.13,2.043686,2021,4,23.98604312478674,20.68460007871236,0.0368299816369849,20.41535498943599,0.0350592239505097,11200362248.89,0.08589652707217976,0.07233256216274872
603019,中科曙光,2022-03-31,0.008729,-0.850341,-0.537843,0.497374,26325682534.22,236587008.55,2.14753,2022,1,23.993810821856176,19.28182660330978,0.0089869278125065,18.99336311065113,0.0077570970106419,2175816323.94,0.10873482561321389,0.08942917663157296
603019,中科曙光,2022-06-30,0.037958,2.416794,0.308478,0.482283,26359541066.72,488387197.88,2.09455,2022,2,23.99509613621368,20.006619089537917,0.0185279097478904,19.737099918995952,0.0162836525158044,5022823726.45,0.09723359299036745,0.08292464291650568
603019,中科曙光,2022-09-30,0.046843,-0.53438,-0.169742,0.488437,32083078606.94,777485069.12,1.570827,2022,3,24.19159458189073,20.47157499941529,0.0242334932580883,20.173312484733263,0.0240729245839997,7386574437.54,0.10525651310960471,0.08886952487626026
603019,中科曙光,2022-12-31,0.104676,4.076101,1.3299138,0.442298,31810174007.19,1105462294.02,1.461257,2022,4,24.183052012896525,20.823529450959185,0.0347518468075696,20.68460007871236,0.0368299816369849,13007955200.9,0.08498355636583949,0.08589652707217976
603019,中科曙光,2023-03-31,0.008575,-0.835113,-0.591204,0.426973,31275596194.15,294469281.78,2.221204,2023,1,24.16610395608012,19.500685252661825,0.0094153051456483,19.28182660330978,0.0089869278125065,2297997842.11,0.1281416702766009,0.10873482561321389
603019,中科曙光,2023-06-30,0.03283,1.852178,0.350175,0.403005,30388492368.58,584422689.08,2.855193,2023,2,24.137329833186808,20.186135063370465,0.0192317105433062,20.006619089537917,0.0185279097478904,5400697692.86,0.10821244259841407,0.09723359299036745
603019,中科曙光,2023-09-30,0.043808,-0.543097,-0.240195,0.405996,30719159993.84,858494686.27,2.24219,2023,3,24.14815240090151,20.570691049895935,0.0279465547378948,20.47157499941529,0.0242334932580883,7758143949.52,0.11065722573027476,0.10525651310960471
603019,中科曙光,2023-12-31,0.100905,4.468348,1.3299138,0.383821,31615458539.32,1316264291.08,2.211937,2023,4,24.17691203220504,20.998063479533947,0.0416335663594114,20.823529450959185,0.0347518468075696,14352658228.13,0.09170874622376453,0.08498355636583949
603019,中科曙光,2024-03-31,0.006721,-0.879411,-0.61762268,0.384956,31894702480.93,363343338.86,2.5761,2024,1,24.18570576651813,19.710858785039193,0.0113919651414602,19.500685252661825,0.0094153051456483,2478641535.71,0.14658970796110754,0.1281416702766009
603019,中科曙光,2024-06-30,0.028869,2.317251,0.304512,0.382426,32092196584.15,624926641.01,2.275052,2024,2,24.19187874046252,20.253144828027953,0.019472853451192,20.186135063370465,0.0192317105433062,5712059095.8,0.10940479265515654,0.10821244259841407
603019,中科曙光,2024-09-30,0.040747,-0.454657,-0.279587,0.385883,32616373439.6,982880371.62,2.526739,2024,3,24.20808025198085,20.705997974490188,0.0301345694805747,20.570691049895935,0.0279465547378948,8041454505.76,0.12222669057145996,0.11065722573027476
603019,中科曙光,2024-12-31,0.097699,3.999778,1.192084,0.417578,36617491563.87,1292251446.8,3.307423,2024,4,24.323791874771512,20.97965184241124,0.0352905508162947,20.998063479533947,0.0416335663594114,13147685135.79,0.09828737404748876,0.09170874622376453
603019,中科曙光,2025-03-31,0.007981,-0.857501,-0.493514,0.412407,35930290716.83,390306528.12,3.114812,2025,1,24.304846529239494,19.782442960476207,0.0108628825521074,19.710858785039193,0.0113919651414602,2586233304.5,0.1509169831820175,0.14658970796110754
603019,中科曙光,2025-06-30,0.032617,2.144995,0.261962,0.407036,36624107961.28,629372118.46,3.219483,2025,2,24.323972547981025,20.26023324460041,0.0171846402136371,20.253144828027953,0.019472853451192,5849961017.34,0.10758569443359778,0.10940479265515654
603019,中科曙光,2025-09-30,0.042622,-0.586473,-0.089918,0.406665,36990049910.63,973892715.39,5.123516,2025,3,24.33391479209049,20.696811708096604,0.0263285050369755,20.705997974490188,0.0301345694805747,8820220222.94,0.11041591828479053,0.12222669057145996
688256,寒武纪,2025-03-31,0.063059,0.308126,0.123581,0.159685,6944976188.52,272571507.48,20.41688944000001,2025,1,22.66128438456801,19.42341155408277,0.0392472918669698,,,1111398926.8,0.2452508283994863,
688256,寒武纪,2025-06-30,0.170201,0.921097,0.591908,0.196829,8420117458.26,541895478.65,20.41688944000001,2025,2,22.85388961501546,20.110583698833345,0.0643572350785212,,,2880643471.09,0.1881161220013643,
688256,寒武纪,2025-09-30,0.19154,-0.170047,-0.024001,0.101158,12592153353.85,842824329.82,20.41688944000001,2025,3,23.256339707220267,20.552269108509403,0.0669325020221668,,,4607424363.66,0.1829274369575295,
